reaction_split,split_type,split_level,Symptom_ID,Symptom,Observation,Hypothesis,Experiment,additional_details,representative_entries,source_json,n_entries
Acid to acid chloride,reaction_class,3,1,Viscous slurry / poor mixing,"A thick, gel-like slurry forms during reagent addition (e.g., when the acid-chloride mixture is charged to the substrate solution), making stirring difficult and causing ""clumping"" of solids.","change_of_addition_order_or_feed_profile, solvent_change_for_solubility, improved_mixing_or_impeller_design - changing the feed sequence, selecting a solvent that keeps the reaction mixture fluid, and/or upgrading the agitation hardware will keep the slurry homogenous and improve conversion.","A DoE was run varying (i) the addition direction (substrate into acid vs. acid into substrate), (ii) the reactor temperature (-10 °C -> 0 °C) and (iii) the impeller type (standard vs. high-shear). The optimal condition was inverse addition of the substrate into a pre-cooled acid stream with a high-shear impeller, which eliminated clumps and gave >95 % conversion.","The symptom becomes more pronounced above ~10 kg scale where heat removal is slower; the same strategy works in both batch and continuous-flow impinging-jet reactors. Monitoring slurry viscosity in-line (e.g., torque on the motor) can be used as an early warning.","19060, 2627, 2628, 2630, 2634",scaleup_generalized_workflow_reaction_class_Acid_to_acid_chloride_runreaction_class_r15.json,184
Acid to acid chloride,reaction_class,3,2,Temperature spike / hot spot,During reagent addition the reactor temperature rises abruptly (10-15 °C above set-point) and sometimes exceeds the temperature limit for the protecting group or acid-labile functionality.,"temperature_setpoint_or_temperature_ramp_optimization, improved_heat_transfer_or_temperature_control_hardware, pressure_or_gas_headspace_optimization - tighter temperature control, pre-cooling feeds, and better heat-exchange hardware will damp the spike.","A series of temperature-ramp studies were performed in a jacketed reactor: (i) pre-cool the acid stream to -10 °C, (ii) add the substrate over 30 min with a controlled ramp, (iii) install a high-efficiency coil heat-exchanger. The temperature excursion was limited to <2 °C and the epimerisation impurity dropped from 0.3 % to <0.05 %.","The symptom is especially acute for reactions that generate gases (CO₂, H₂) or involve strong acids (HBr, HCl). Real-time temperature monitoring with a PID controller is recommended for scale-up.","2628, 2632, 2629",scaleup_generalized_workflow_reaction_class_Acid_to_acid_chloride_runreaction_class_r15.json,184
Acid to acid chloride,reaction_class,3,3,Clogging / fouling of reactors or mixers,"Solid material builds up in feed lines, static mixers, or Y-junctions, leading to pressure spikes, pump stall, or complete blockage (e.g., ""gel/foam"" trapped in a Y-mixer).","clogging_or_fouling_mitigation, custom_or_novel_reactor_design, improved_mixing_or_impeller_design - redesign the hardware (larger-diameter mixers, smoother surfaces) and/or introduce periodic solvent rinses to keep the flow path clear.","A custom 3-D-printed Y-mixer with enlarged outlet diameter (0.25 in) and Hastelloy construction was fabricated. The process was run with a high-velocity THF rinse (10 L min⁻¹) after each batch. Clogging events dropped from 4 per 10 batches to 0, and overall isolated yield increased from 71 % to 61 % crude assay.","Periodic ""flush"" steps are essential for any continuous-flow operation that generates solids. Monitoring pressure drop across the mixer provides an early indicator of fouling.","11741, 2630, 2631, 2628, 2629",scaleup_generalized_workflow_reaction_class_Acid_to_acid_chloride_runreaction_class_r15.json,184
Acid to acid chloride,reaction_class,3,4,Low conversion / incomplete reaction,Assay yields plateau at 60-80 % despite stoichiometric reagent excess; residual starting acid or intermediate is detected by HPLC.,"optimization_of_reagent_stoichiometry, optimization_of_acid_or_base_stoichiometry, solvent_change_for_solubility - fine-tune the equivalents of acid (e.g., HBr, SOCl₂) and control water content to drive the equilibrium to completion.","A response-surface DoE varied HBr equivalents (4-8 eq) and water content (0-5 vol %). The optimum (8 eq HBr, 2 vol % water) gave >98 % conversion with no detectable intermediate. The same stoichiometry was transferred to a 100 kg batch with consistent results.","The symptom often appears together with viscous slurry formation; increasing reagent load can also raise exotherm risk, so temperature control must be revisited concurrently.","4904, 4905, 4908",scaleup_generalized_workflow_reaction_class_Acid_to_acid_chloride_runreaction_class_r15.json,184
Acid to acid chloride,reaction_class,3,5,Phase-separation / biphasic handling difficulty,"During acid addition a two-phase mixture forms (e.g., aqueous acid over organic solvent) that creates emulsions, uneven feeding, or ""turbid"" streams that are hard to pump.","solvent_change_for_solubility, solvent_system_optimization_or_cosolvent_addition, change_of_additive - adjust solvent polarity, add co-solvents to improve miscibility, or use antisolvents that promote rapid phase separation.","A solvent-screening matrix compared pure toluene, toluene + 10 % MeOH, and pure MeOH as reaction media for the thionyl-chloride step. The toluene + 10 % MeOH system eliminated the emulsion, allowed smooth pumping, and maintained >90 % conversion. Inline phase-separator tests confirmed rapid disengagement.","The symptom is often linked to the ""mixability"" category; a simple viscosity measurement or visual inspection of the feed stream can flag it early. Adding a small amount of a polar co-solvent (e.g., MeOH) is a low-cost mitigation.","1038, 1037, 1036",scaleup_generalized_workflow_reaction_class_Acid_to_acid_chloride_runreaction_class_r15.json,184
Alcohol to aldehyde oxidation,reaction_class,3,1,Yield drop on scale,"Isolated yield falls markedly (>= 10 % loss) when the reaction is run beyond
~ 0.1 mol or on kilogram-scale batches.","optimization_of_reagent_stoichiometry, optimization_of_catalyst_loading,
change_of_oxidant_or_oxidation_protocol, temperature_setpoint_or_temperature_ramp_optimization,
solvent_change_for_solubility - increasing oxidant/catalyst equivalents,
adjusting temperature ramps, or switching to a solvent that improves
mass-transfer should restore conversion and prevent side-products.","A DoE screening was performed varying (i) oxidant equivalents (1.0-2.5 eq),
(ii) catalyst loading (5-20 mol %), (iii) temperature profile (-10 °C -> rt
vs. isothermal 25 °C), and (iv) solvent (DCM vs. toluene). The optimal
condition (2.5 eq oxidant, 15 mol % catalyst, controlled-ramp) gave >= 95 %
isolated yield on 150 g scale.","The symptom is more pronounced for substrates with limited solubility; a
solvent-change to a more polar chlorinated medium (e.g., DCM) often
supplements stoichiometric adjustments. Monitoring conversion by inline GC
during scale-up helps catch the drop early.","4668, 2141, 2143, 2159, 2156",scaleup_generalized_workflow_reaction_class_Alcohol_to_aldehyde_oxidation_runreaction_class_r20.json,123
Alcohol to aldehyde oxidation,reaction_class,3,2,Temperature runaway / exotherm,"Rapid temperature rise (>= 10 °C within minutes) or uncontrolled hot spots
during oxidation, often accompanied by pressure increase.","temperature_setpoint_or_temperature_ramp_optimization,
improved_heat_transfer_or_temperature_control_hardware,
thermal_runaway_mitigation_or_quench_safety_modification,
pressure_or_gas_headspace_optimization - applying controlled feeds,
enhanced jacket cooling, DSC-guided safety limits, or vented head-space
prevents temperature spikes.","A calorimetric study (DSC) defined the maximum adiabatic temperature rise.
The batch reactor was equipped with a double-jacket heat exchanger and a
semi-batch H₂O₂ feed (0.5 mL min⁻¹) controlled by a PID loop. Temperature
was held <= 30 °C throughout a 200 g run, eliminating runaway.","For gas-phase oxidants (O₂, air) maintaining O₂ mole fraction below the
limiting-oxygen-concentration (LOC) by diluting with N₂ also curtails
exothermicity. Real-time temperature probes at multiple locations are
essential for early detection.","7577, 1309, 2142, 3186, 8360",scaleup_generalized_workflow_reaction_class_Alcohol_to_aldehyde_oxidation_runreaction_class_r20.json,123
Alcohol to aldehyde oxidation,reaction_class,3,3,Phase separation / poor mixing,"Formation of distinct organic/aqueous layers, gas bubbles, or slurries that
persist despite agitation; conversion drops or becomes erratic.","phase_behavior_or_biphasic_system_optimization,
solvent_change_for_solubility,
change_of_additive,
change_of_catalyst_or_ligand_identity,
improved_mixing_or_impeller_design - redesigning the reactor geometry,
adding co-solvents, using solid-supported TEMPO, or switching to a
single-phase solvent system improves interfacial contact and conversion.","A pilot-scale flow reactor was fitted with a T-shaped static mixer and
peristaltic pumps (instead of syringe pumps). The biphasic DCM/H₂O system
was replaced by a homogeneous NMP/TEMPO system (solid-supported catalyst).
Conversion rose from 55 % to > 95 % with stable pressure and no bubble-induced
fluctuations.","Gas-liquid separators downstream of the reactor (e.g., Microsaic MiDas)
can dampen bubble-induced MS signal noise, as shown for Ru-catalysed flow
oxidations. Monitoring phase ratios by inline NIR helps maintain the optimum
mixing regime.","18343, 21413, 21415, 2157, 2158",scaleup_generalized_workflow_reaction_class_Alcohol_to_aldehyde_oxidation_runreaction_class_r20.json,123
Alcohol to aldehyde oxidation,reaction_class,3,4,Catalyst deactivation over time,"Product yield or selectivity declines after several hours or multiple
batch cycles, despite constant feed composition.","change_of_catalyst_or_ligand_identity,
optimization_of_catalyst_loading,
temperature_setpoint_or_temperature_ramp_optimization,
pressure_or_gas_headspace_optimization - switching to a more robust
catalyst support, increasing catalyst loading, modestly raising temperature
to re-activate the catalyst, or controlling gas composition to limit NOₓ
formation can restore activity.","For the CuI/TEMPO system, the support was changed from γ-Al₂O₃ to mesoporous
alumina, and the O₂ feed was reduced to 5 % in N₂. After a 150 h run, the
aldehyde yield remained > 90 % without the earlier decline observed with the
original catalyst.","Periodic regeneration (e.g., brief oxidative wash) can extend catalyst life.
Online UV-vis monitoring of metal leaching provides early warning of deactivation.","18346, 18345, 18344",scaleup_generalized_workflow_reaction_class_Alcohol_to_aldehyde_oxidation_runreaction_class_r20.json,123
Alcohol to aldehyde oxidation,reaction_class,3,5,Difficult impurity removal,"Work-up requires multiple extractions, chromatography, or special quench
steps to eliminate metal residues, by-products, or inorganic salts; yields
are lost in the purification stage.","improved_impurity_purge_or_byproduct_control,
improved_quench_or_neutralization,
drying_or_isolation_process_optimization,
crystallization_solvent_or_antisolvent_optimization,
improved_in_process_control_or_analytical_method - introducing chelating
quench (EDTA), phase-selective extractions, or crystallisation from a
co-solvent can purge impurities efficiently and improve overall recovery.","In the Cu/TEMPO oxidation, an aqueous EDTA wash (0.1 M) was added post-reaction,
followed by a single liquid-liquid extraction with EtOAc. Copper levels fell
below 1 ppm and isolated aldehyde yield increased from 78 % to 92 % without
chromatography.","For reactions forming volatile aldehydes (e.g., 447), telescoping the crude
product directly into the next step avoids isolation altogether. Inline
MS monitoring with external reference standards prevents impurity buildup.","8178, 8358, 4211, 4212, 4213",scaleup_generalized_workflow_reaction_class_Alcohol_to_aldehyde_oxidation_runreaction_class_r20.json,123
Aldehyde reductive amination,reaction_class,3,1,Heterogeneous slurry formation,"A solid or waxy precipitate appears during the reaction, giving a visibly heterogeneous mixture (e.g., waxy solids, lumps of solid reductant, slurry that does not fully dissolve).","improved_mixing_or_impeller_design, change_of_addition_order_or_feed_profile, solvent_change_for_solubility - improving agitation, feeding the solid as a solution, or switching to a solvent that keeps all components in solution should restore homogeneity and give reproducible conversion.","A DoE screening of agitation speed (250 -> 600 rpm), addition mode (single-charge solid vs. split-charge solution), and solvent (2-propanol, MeCN, EtOAc) was performed on a 10 g pilot reactor. The optimal condition combined a 600 rpm impeller, three equal portions of a 1 M NaBH(OAc)₃ solution in EtOAc, and a co-solvent (MeCN) that kept the amine fully dissolved. Conversion rose from 45 % to > 95 % with no visible solids.","The symptom is often first noticed as a ""waxy"" layer on the reactor wall (Pd/C case) or as ""lumpy"" reductant after addition. The remedy may require hardware changes (larger impeller) for very large reactors; the same principle applies to both batch and flow.","21067, 7050, 6570, 18864, 18866",scaleup_generalized_workflow_reaction_class_Aldehyde_reductive_amination_runreaction_class_r23.json,111
Aldehyde reductive amination,reaction_class,3,2,Hydrogen / gas evolution on solid addition,"Rapid evolution of gas (H₂ or HCN) is observed when a solid reductant (e.g., NaBH₄, NaCNBH₃, Na(OAc)₃BH) is added to a protic solvent, sometimes forming bubbles or pressure spikes.","change_of_reductant_or_reduction_protocol, thermal_runaway_mitigation_or_quench_safety_modification - switching to a soluble reductant solution or a less gas-producing reagent, and adding temperature/pressure interlocks, eliminates the gas burst and stabilises the reduction step.","A comparative run replaced solid NaBH₄ with a 1 M NaBH₄ solution in DMSO and introduced a controlled addition pump. Simultaneously, a temperature probe with a 30 °C interlock was installed. On a 5 kg scale the gas evolution was reduced to background levels, pressure stayed below 1 bar gauge, and isolated yield improved from 48 % to 71 %.","For cyanoborohydride routes, the HCN risk is mitigated by isolating the imine first and then reducing with NaBH₄ (non-HCN-generating). The same principle applies to any solid hydride that reacts with protic media.","18864, 17904, 17905, 17906",scaleup_generalized_workflow_reaction_class_Aldehyde_reductive_amination_runreaction_class_r23.json,111
Aldehyde reductive amination,reaction_class,3,3,Exothermic temperature spikes,"During reagent addition (often NaBH(OAc)₃ or NaBH₄) the reactor temperature rises abruptly (10-30 °C above setpoint) within minutes, sometimes exceeding the recommended limit.","temperature_setpoint_or_temperature_ramp_optimization, thermal_runaway_mitigation_or_quench_safety_modification, improved_heat_transfer_or_temperature_control_hardware - lower the addition temperature, add the reagent dropwise, and equip the reactor with efficient cooling jackets or external heat exchangers to keep the temperature within a safe window.","A temperature-ramp study added NaBH(OAc)₃ over 50 min while maintaining the reactor at 17 °C (instead of 25 °C). A stainless-steel jacket with a 5 °C coolant inlet was installed. The maximum temperature rise was limited to 5 °C, and the isolated yield increased from 48 % to 69 % with no impurity formation.","The symptom is often first detected by a temperature probe alarm. For flow reactors, the same principle is achieved by diluting the reductant stream and using a high-surface-area heat-exchange coil.","17904, 17905, 17906",scaleup_generalized_workflow_reaction_class_Aldehyde_reductive_amination_runreaction_class_r23.json,111
Aldehyde reductive amination,reaction_class,3,4,Long reaction time / incomplete conversion,"Reactions require > 12 h (often 24 h) to reach acceptable conversion, and even then a noticeable amount of starting material remains (10-30 %).","temperature_setpoint_or_temperature_ramp_optimization, change_of_reductant_or_reduction_protocol, batch_to_flow_or_flow_process_implementation - raising the temperature (within stability limits), using a more reactive reductant (e.g., 2-picoline.BH₃), or moving to a continuous flow platform shortens the residence time while maintaining selectivity.",A side-by-side comparison was performed: (A) Na(OAc)₃BH at 5 °C for 24 h (baseline) vs. (B) 2-picoline.BH₃ at 50 °C for 1 h. The flow version of (B) used a three-stage plug-flow reactor with 1 min residence per stage. Conversion rose from 70 % to > 99 % and overall throughput increased 12-fold.,"When temperature cannot be increased due to impurity sensitivity, a two-stage addition of reductant (portion-wise) can maintain reducing power over the extended period, as demonstrated for the 20 h ""long-reaction"" case.","19683, 19684, 19685",scaleup_generalized_workflow_reaction_class_Aldehyde_reductive_amination_runreaction_class_r23.json,111
Aldehyde reductive amination,reaction_class,3,5,Batch-to-batch variability,"Assay yields or impurity profiles fluctuate between runs (e.g., 80 % vs 90 % conversion, or variable over-alkylation) even when nominally identical procedures are followed.","change_of_addition_order_or_feed_profile, optimization_of_reagent_stoichiometry, improved_in_process_control_or_analytical_method - standardising semi-batch feeding, tightening stoichiometric windows, and implementing real-time PAT (e.g., inline NMR or viscosity probes) reduce the sources of variability.","A controlled semi-batch feeding protocol (10 % of amine added every 5 min) was programmed on a 5 L reactor, and an inline UV-vis probe monitored imine concentration. Stoichiometry was tightened to 1.3 equiv amine. Yield reproducibility improved from a 15 % spread to < 2 % spread over ten consecutive runs.","Variability can also be linked to raw-material impurity levels; a supplier-variability management program (e.g., tighter acceptance criteria) further stabilises the process.","6051, 6052, 6050",scaleup_generalized_workflow_reaction_class_Aldehyde_reductive_amination_runreaction_class_r23.json,111
Alkene hydrogenation,reaction_class,3,1,Temperature spike,Sudden rise of +10 °C or more in the reactor temperature during hydrogenation (hot-spot formation).,"temperature_setpoint_or_temperature_ramp_optimization, improved_heat_transfer_or_temperature_control_hardware - by controlling the temperature ramp, adding external cooling or upgrading the jacket, the exotherm can be dissipated safely.","A DoE on temperature-ramp rate and external coolant flow was performed in a 5 L autoclave; the optimal ramp (2 °C min⁻¹) and a downstream heat-exchanger kept the temperature <= 30 °C above set-point, eliminating hot-spots and preserving product purity.","The symptom becomes more pronounced when H₂ pressure or substrate concentration is increased; it is also observed with substrates that undergo rapid hydrogen uptake (e.g., α-β-unsaturated aldehydes, pinene). Monitoring with an inline thermocouple is essential.","9449, 5245, 14638",scaleup_generalized_workflow_reaction_class_Alkene_hydrogenation_runreaction_class_r10.json,250
Alkene hydrogenation,reaction_class,3,2,Poor mixing / mass-transfer limitation,"Low conversion or long reaction times despite sufficient catalyst and H₂ pressure; slurry becomes highly viscous or gas-liquid interfacial area appears limited (e.g., ""plateaued conversion"", ""viscous slurry"").","improved_mixing_or_impeller_design, custom_or_novel_reactor_design, phase_behavior_or_biphasic_system_optimization - by installing high-speed impellers, oscillatory baffled reactors or redesigning the vessel to improve gas holdup, the mass-transfer limitation is removed.","Scale-up from 0.5 L to 10 L was tested with a conventional stirrer (ineffective) and then with an OBR (oscillatory baffled reactor). The OBR increased k_La by ~ 3-fold, reducing reaction time from 12 h to 45 min and giving consistent conversion.","The issue is especially acute for neat (solvent-free) substrates (pinene, β-pinene) or highly fluorinated solvents (HFIP). Adding a small co-solvent or increasing gas pressure can also alleviate the limitation, but mechanical mixing improvements are usually more robust.","2122, 15699, 14898, 11363",scaleup_generalized_workflow_reaction_class_Alkene_hydrogenation_runreaction_class_r10.json,250
Alkene hydrogenation,reaction_class,3,3,Catalyst deactivation / activity loss,"Drop in conversion after several batches or cycles, need to increase catalyst loading, or observation of coke/metal leaching on the catalyst after reaction.","replacement_of_unstable_or_impure_reagent, optimization_of_catalyst_loading, process_modeling_or_digital_twin_guided_change - by selecting a more robust catalyst, limiting exposure to high temperatures/pressures, or implementing regeneration steps, catalyst life is extended.","A regeneration protocol (oxidative burn-off at 350 °C) was applied to spent Pd/C after four cycles; activity was restored to > 95 % of the fresh catalyst. Parallel runs with a more stable Pd/alumina catalyst showed no activity loss over ten cycles, allowing a 30 % reduction in catalyst inventory.","Deactivation is accelerated when the reaction mixture contains acidic or basic impurities, high H₂ pressures, or when the substrate is prone to polymerisation. Monitoring metal content in the product stream can provide early warning.","14645, 3775",scaleup_generalized_workflow_reaction_class_Alkene_hydrogenation_runreaction_class_r10.json,250
Alkene hydrogenation,reaction_class,3,4,Pressure / gas-handling safety concern,"Requirement of high H₂ pressure (>= 5 bar) together with pyrophoric or explosive reagents; reports of ""pressure-related safety risk"" or need for special pressure-relief devices.","condition_change_to_reduce_or_remove_process_hazard, pressure_or_gas_headspace_optimization, thermal_runaway_mitigation_or_quench_safety_modification - by lowering the operating pressure (using more active catalysts or transfer-hydrogenation), adding pressure-relief valves, and implementing controlled venting sequences, the hazard is mitigated.","The Ir-catalysed hydrogenation originally run at 5 barg was re-optimised with a more active Rh-BenzP* system, allowing operation at 1 atm H₂. A pressure-relief valve and automated vent-purge cycle were installed; no pressure excursions were observed in 100 h of continuous operation.","Safety concerns are amplified for reactions that generate gases (Mg addition, diimide formation) or when the catalyst becomes pyrophoric after H₂ uptake. Continuous monitoring of pressure and temperature with interlocks is recommended.",16496,scaleup_generalized_workflow_reaction_class_Alkene_hydrogenation_runreaction_class_r10.json,250
Alkene hydrogenation,reaction_class,3,5,Run-to-run variability,Significant batch-to-batch fluctuations in conversion or selectivity (± 10 % or more) without any intentional change in recipe.,"process_modeling_or_digital_twin_guided_change, improved_in_process_control_or_analytical_method, custom_or_novel_reactor_design - by implementing real-time analytics (online GC, IR), building a kinetic model to predict performance, and standardising reactor hardware, variability can be reduced.",An online GC-FID was installed on a 15 L hydrogenation loop; data were fed into a digital twin that adjusted H₂ flow to maintain a constant dissolved H₂ concentration. Over 30 runs the conversion CV dropped from ± 12 % to ± 3 %.,"Variability is especially evident for membrane-based Pd/C cartridges, for reactions with solid substrates, or when the substrate concentration approaches solubility limits. Routine catalyst activity checks and feedstock QC are also effective.",9450,scaleup_generalized_workflow_reaction_class_Alkene_hydrogenation_runreaction_class_r10.json,250
Amide Schotten-Baumann,reaction_class,3,1,Temperature spike,"Reactor temperature climbs above the set-point (e.g., > 4 °C for a 0-2 °C Schotten-Baumann amide) during the feed-rate increase or reagent addition.","temperature_setpoint_or_temperature_ramp_optimization, change_of_base, change_of_primary_reagent 
*Lowering the addition temperature, slowing the feed, or switching to a less-exothermic reagent/base pair reduces the heat-release rate and keeps the reactor within the safe temperature window.*","A DoE on feed-rate, inlet temperature and cooling-jacket flow was performed on a pilot-scale reactor. The optimal condition kept the residence time at 7 min, used a 0 °C inlet slurry and a cooling-jacket set-point of 2 °C. Temperature excursions were limited to <= 1 °C and conversion remained > 90 %.","- The symptom is most acute when the amino-acid feed is increased (e.g., from 10 min to 5 min residence). 
- The same issue appears with highly reactive acid chlorides (e.g., 4-chlorobenzoyl chloride) where HCl evolution is rapid. 
- Monitoring the temperature in real time (inline thermocouples) is essential to catch the spike early.","7112, 1233, 20509, 1505, 1508, 15072, 15136, 16068, 17020, 17047",scaleup_generalized_workflow_reaction_class_Amide_Schotten-Baumann_runreaction_class_r4.json,250
Amide Schotten-Baumann,reaction_class,3,2,Solid precipitation / fouling,"A solid or slurry forms in the reactor or downstream lines (e.g., fine salt precipitate, insoluble lithium salt, or polymeric sludge) that clogs pumps, filters or heat-exchange surfaces.","solvent_change_for_solubility, change_of_primary_reagent, slurry_handling_or_particle_size_optimization, improved_mixing_or_impeller_design 
*Using a more polar co-solvent, switching to a less hygroscopic salt, or adjusting particle size/feeding strategy prevents solid formation and maintains a clear flow.*","The lithium carboxylate was replaced by the sodium analogue (entry 17787) and the acyl chloride was pre-dissolved in 10 % acetonitrile before addition (entry 8430). In a 500 L batch the slurry disappeared, pump pressure stayed constant and overall yield improved from 78 % to 92 %.","- Hygroscopic salts (e.g., Li-carboxylates) are especially problematic at low temperature. 
- In continuous flow, solid fouling can be mitigated by a short residence-time heat-exchange section that keeps the mixture above the solubility limit. 
- Regular hopper tapping and a high-shear impeller (>= 4000 rpm) are effective for cohesive powders (e.g., NCA solids).","4584, 17787, 17788",scaleup_generalized_workflow_reaction_class_Amide_Schotten-Baumann_runreaction_class_r4.json,250
Amide Schotten-Baumann,reaction_class,3,3,Viscous slurry / poor mixing,"The reaction mixture becomes highly viscous or forms a gel-like mass that resists stirring; impeller speed-dependent conversion drops (e.g., 61 % conversion at 5 min residence when the slurry is not fully dispersed).","improved_mixing_or_impeller_design, solvent_change_for_solubility, solvent_system_optimization_or_cosolvent_addition 
*Increasing impeller speed, adding a low-viscosity co-solvent, or using a micellar additive reduces viscosity and restores homogeneous mixing.*","A high-shear Rushton turbine (4000 rpm) was installed in a 200 L reactor for the NCA-peptide coupling (entry 7111). Conversion rose from 61 % to 71 % and the slurry no longer adhered to the vessel wall. In parallel, adding 2 % TPGS-750-M surfactant (entry 2010) prevented agglomeration in aqueous Schotten-Baumann runs.","- The symptom is often observed when solid reagents are fed as powders (e.g., NCA, lithium salts). 
- Adding a small amount of co-solvent (e.g., 5 % acetonitrile in water) can dramatically lower viscosity without affecting reactivity. 
- Real-time torque monitoring helps flag the onset of a viscous regime.","4584, 17787, 17788",scaleup_generalized_workflow_reaction_class_Amide_Schotten-Baumann_runreaction_class_r4.json,250
Amide Schotten-Baumann,reaction_class,3,4,Impurity surge (by-product formation),"Analytical data (HPLC, GC) shows the sudden appearance of a new peak (e.g., di-acylated impurity, HCN, or dimer) that grows with time or with higher reagent concentration.","change_of_additive, change_of_base, change_of_acid, optimization_of_reagent_stoichiometry, temperature_setpoint_or_temperature_ramp_optimization 
*Limiting the amount of acylating agent, switching to a weaker base, or adding a scavenger (e.g., N-methylmorpholine to trap HCN) suppresses the impurity pathway.*","For the acryloylation of a phenolic amine (entry 17948) the base was changed from TEA to 2,6-lutidine and the acyl chloride feed was slowed. Impurity S-17 dropped from 12 % to < 1 % and overall isolated yield increased from 68 % to 85 %.","- Monitoring the impurity profile in real time (inline HPLC) enables early detection before the impurity exceeds specification. 
- Some impurities (e.g., HCN) are also safety concerns; their suppression is a dual benefit. 
- The impurity trend often correlates with temperature spikes, reinforcing the need to control exotherms.",17788,scaleup_generalized_workflow_reaction_class_Amide_Schotten-Baumann_runreaction_class_r4.json,250
Amide Schotten-Baumann,reaction_class,3,5,Gas evolution / pressure rise,"Rapid gas evolution (CO₂, HCl, NH₃) is observed as bubbling or a pressure increase in a closed reactor; pressure-sensor alarms trigger when the set-point is exceeded.","pressure_or_gas_headspace_optimization, change_of_base, change_of_addition_order_or_feed_profile, improved_quench_or_neutralization 
*Using a controlled addition profile, venting the reactor, or switching to a non-gaseous base (e.g., solid K₂CO₃) mitigates pressure buildup.*",In the CDI-activated amide coupling (entry 21530) the addition of the amine was performed via a semi-batch feed over 30 min while maintaining a nitrogen headspace. The pressure stayed within 1 bar of the set-point and the reaction gave > 99 % conversion without venting issues.,"- For continuous flow, back-pressure regulators (8 bar) were employed to keep the system stable while allowing gas to escape through a vent. 
- Inline pressure monitoring coupled with a feedback-controlled feed pump prevented over-pressurisation. 
- Adding a scavenger (e.g., aqueous NaHCO₃) to neutralise HCl immediately after formation reduces gas evolution.","7112, 17788",scaleup_generalized_workflow_reaction_class_Amide_Schotten-Baumann_runreaction_class_r4.json,250
Amide hydrolysis,reaction_class,3,1,excessive temperature rise,Sudden or uncontrolled increase in reactor temperature (often > 200 °C) during the hydrolysis step.,"temperature_setpoint_or_temperature_ramp_optimization, improved_heat_transfer_or_temperature_control_hardware, thermal_runaway_mitigation_or_quench_safety_modification. 
Lowering the set-point or using a staged temperature ramp reduces the instantaneous heat release; better jacket design or internal coils improves heat removal; controlled quench prevents post-reaction temperature spikes.","A DoE on temperature-ramp profiles was performed: (i) reduce the maximum reaction temperature from 240 °C to 130 °C (11051), (ii) implement a semi-batch addition of LiOH/H₂O₂ over 4 h while maintaining 25 °C (16796), and (iii) install a high-efficiency coil-in-jacket and monitor temperature with a fast-response RTD. The optimized conditions eliminated temperature overshoot in pilot-scale runs.","The severity of the symptom scales with the amount of strong base/oxidant and with solvent boiling points (e.g., DEG vs. propylene glycol). Early detection via inline temperature probes is essential.","11051, 324, 5585, 16796, 1316",scaleup_generalized_workflow_reaction_class_Amide_hydrolysis_runreaction_class_r24.json,96
Amide hydrolysis,reaction_class,3,2,phase separation / poor mixing,"Visible biphasic layers, slurry formation, or high viscosity that leads to uneven reagent distribution (e.g., ""precipitated"" amide, ""viscous"" feed).","solvent_change_for_solubility, solvent_system_optimization_or_cosolvent_addition, phase_behavior_or_biphasic_system_optimization, improved_mixing_or_impeller_design, change_of_addition_order_or_feed_profile. 
Switching to a single-phase solvent system (e.g., 85 % EtOH/H₂O, 5586), adding a co-solvent to lower viscosity (7611), or using a high-speed impeller (16795) restores homogeneous mixing.","A solvent-screening matrix (EtOH, MeOH, PG, THF) identified 85 % EtOH/H₂O as fully miscible with the substrate and base. The optimal impeller geometry (low-shear pitched-blade) was installed in the CSTR, and the TBAOH/THF streams were fed via three synchronized pumps (16795). Scale-up runs showed no phase separation and > 95 % conversion.",Temperature influences miscibility; the optimal range (24-25 °C) was selected to avoid THF/H₂O phase splitting (16792). Monitoring torque on the agitator can serve as an early warning.,"6177, 6176, 16792, 7611, 5586",scaleup_generalized_workflow_reaction_class_Amide_hydrolysis_runreaction_class_r24.json,96
Amide hydrolysis,reaction_class,3,3,gas evolution spikes,"Rapid generation of gas (O₂, H₂) that raises head-space pressure or creates bubbling, sometimes exceeding safety limits (> 2.5 % v/v O₂).","gas_evolution_or_mass_transfer_management, pressure_or_gas_headspace_optimization, change_of_additive. 
Implementing a nitrogen sweep (16789), controlling addition rate of peroxide (16793), and venting to a scrubber mitigate pressure spikes.",A semi-batch addition of H₂O₂ over 4 h under a continuous N₂ blanket was tested in a 250 mL CSTR equipped with a pressure-relief valve. Inline O₂ sensor triggered automatic shutdown when O₂ > 2 % v/v. The modified protocol eliminated over-pressure events in kilogram-scale runs.,Gas evolution is temperature-dependent; maintaining low reaction temperature (<= 25 °C) reduces O₂ generation rate. Proper vent sizing is critical for safety compliance.,"16789, 16793, 17259, 16795, 16796",scaleup_generalized_workflow_reaction_class_Amide_hydrolysis_runreaction_class_r24.json,96
Amide hydrolysis,reaction_class,3,4,low conversion / side-product buildup,"Stagnant conversion (< 80 %) or appearance of a specific impurity (hydroxy-amide, per-acid by-product) that grows with scale.","optimization_of_acid_or_base_stoichiometry, change_of_primary_reagent, change_of_additive, optimization_of_reagent_stoichiometry. 
Increasing H₂O₂ equivalents suppresses hydroxy-amide (16798 -> 16798 solution), adjusting base concentration improves conversion (17258), and adding scavengers or buffers can limit side-reactions.","A factorial DoE varied H₂O₂ (2-6 equiv) and LiOH (1.2-2.0 equiv) while monitoring hydroxy-amide impurity by HPLC. The optimum (4.6 equiv H₂O₂, 1.6 equiv LiOH) gave > 99 % conversion with <= 5 % impurity (16793).",Impurity profiles are sensitive to water content; precise control of solvent water concentration (9.5 M) is required (16969). Real-time HPLC can flag impurity rise early.,"16798, 16794, 17258, 16793, 16799",scaleup_generalized_workflow_reaction_class_Amide_hydrolysis_runreaction_class_r24.json,96
Amide hydrolysis,reaction_class,3,5,solid precipitation / clogging,"Formation of fine solids or slurries that block filters, pumps, or cause reactor fouling (17256, 17260, 7615).","clogging_or_fouling_mitigation, slurry_handling_or_particle_size_optimization, improved_mixing_or_impeller_design, phase_behavior_or_biphasic_system_optimization. 
Diluting the mixture before filtration, adding a co-solvent (MeOH) to keep solids suspended, and installing inline filters prevent blockage.","A scale-up trial added 20 % v/v MeOH to the hydrolysate before filtration and employed a 10 µm mesh filter downstream of the reactor. Filtration time dropped from > 2 h to < 30 min, and no fouling was observed over multiple batches (17256).",Temperature control during antisolvent addition (maintain 45-50 °C) reduces sudden nucleation (20900). Monitoring slurry particle size with laser diffraction can guide solvent addition rates.,"17256, 17260, 7615, 7614, 20900",scaleup_generalized_workflow_reaction_class_Amide_hydrolysis_runreaction_class_r24.json,96
Bromination,reaction_class,3,1,temperature spike,"Sudden, uncontrolled rise in reactor temperature (hot-spot) during bromine or NBS addition.","temperature_setpoint_or_temperature_ramp_optimization, change_of_addition_order_or_feed_profile, improved_heat_transfer_or_temperature_control_hardware - controlling the addition rate, lowering the set-point, and improving heat removal will keep the temperature rise within the design envelope and prevent hot-spots.","- Conduct calorimetric studies to quantify the heat-release profile. 
- Implement semi-batch feeding of bromine/NBS (e.g. 5-10 min aliquots) while actively cooling with a jacket capable of >= 2 kW removal. 
- Verify temperature stability with in-line thermocouples; repeat at pilot-scale (~ 100 kg) to confirm no temperature excursions > 5 °C.","Hot-spot severity correlates with reagent concentration and reactor geometry; lower reagent concentration or use of a co-solvent can further dampen the exotherm. For photochemical brominations, LED-generated heat must also be managed by water-cooled panels.","5560, 8521, 14194, 15678, 17030, 17032, 14195, 18153, 21751, 21753",scaleup_generalized_workflow_reaction_class_Bromination_runreaction_class_r16.json,156
Bromination,reaction_class,3,2,mixing limitation,"Formation of slurries, solid NBS suspensions, or emulsions that give uneven mixing, localized over-bromination, or poor mass-transfer.","improved_mixing_or_impeller_design, solvent_change_for_solubility, solvent_system_optimization_or_cosolvent_addition - redesign impeller geometry, increase agitation speed, or switch to a solvent that fully dissolves solid reagents to obtain a homogeneous reaction mixture.","- Test NBS solutions (e.g. 6 wt % in MeCN) versus solid addition in a 4 L reactor equipped with a downward-impeller stirrer at >= 800 rpm. 
- Evaluate slurry-feed pumps for continuous dosing of bromine/NBS. 
- Perform DoE on solvent/cosolvent ratios (MeCN/EtOAc, MeCN/DMSO) to achieve complete dissolution at the target concentration (~ 0.2 M). 
- Scale to kilogram batch and monitor conversion uniformity by in-process sampling.","Mixing problems are amplified when the reaction is highly exothermic; thus, the mixing solution should be paired with temperature control. For biphasic systems (e.g., aqueous HBr/organic substrate) a slug-flow or high-shear pump may be required.","552, 5561, 7414, 7411, 5562, 7412, 7413, 7415",scaleup_generalized_workflow_reaction_class_Bromination_runreaction_class_r16.json,156
Bromination,reaction_class,3,3,reagent-source variability,"Batch-to-batch fluctuations in conversion or impurity levels when using reagents from different suppliers or with differing impurity profiles (e.g., NBS containing variable Br₂/HBr).","feedstock_or_supplier_variability_management, optimization_of_reagent_stoichiometry, change_of_additive - qualify suppliers, set tighter impurity specifications, and adjust stoichiometry or add chelating additives to buffer the effect of impurities.","- Perform a small-scale qualification test for each new NBS lot (e.g., 5 g reaction, monitor conversion). 
- Use kinetic modeling to define a conservative NBS equivalence (e.g., 1.40 eq) that ensures > 98 % conversion for both high- and low-Br₂ batches. 
- Add 5 mol % citric-acid (or NTA/EDTA) to chelate trace Cu that slows photobromination. 
- Document acceptance criteria and implement a lot-release protocol.","When a critical impurity (e.g., Cu) is identified, the additive strategy can be more cost-effective than re-qualifying the supplier. For very reactive reagents (Br₂), consider generating bromine in-situ to standardize concentration.","17362, 16209, 17360, 17363, 17361, 17359",scaleup_generalized_workflow_reaction_class_Bromination_runreaction_class_r16.json,156
Bromination,reaction_class,3,4,gas evolution / pressure rise,"Rapid generation of gaseous HBr or Br₂ leading to increased reactor head-space pressure, venting issues, or bubbling that disturbs flow rates.","pressure_or_gas_headspace_optimization, improved_quench_or_neutralization, change_of_addition_order_or_feed_profile - design reactors with appropriate venting, use gas-scrubbing (NaOH, Na₂S₂O₃), and add reagents in a way that limits instantaneous gas formation.","- Install a PTFE-lined CSTR with a vented head-space and a downstream NaOH scrubber for HBr. 
- Switch to a semi-batch addition where the organic substrate is added slowly to a pre-cooled Br₂/HBr mixture, keeping the temperature < 35 °C (as in entry 21151). 
- Measure pressure transients with a pressure transducer; adjust feed rates until pressure rise stays below design limit (e.g., 0.5 bar).","For photochemical brominations, the gas-generation step may be coupled with the light source; ensure that the reactor material is compatible with HBr (e.g., PTFE, glass). In batch reactors, use a nitrogen blanket to displace evolved gases safely.","18151, 18152, 18153",scaleup_generalized_workflow_reaction_class_Bromination_runreaction_class_r16.json,156
Bromination,reaction_class,3,5,emulsion formation,"Persistent oil-in-water emulsions during work-up or quench, causing phase-separation failures and product loss.","solvent_change_for_solubility, phase_behavior_or_biphasic_system_optimization, improved_quench_or_neutralization - change the work-up solvent system to break emulsions, adjust pH, or add salts/anti-emulsifiers to promote clear phase separation.","- Replace the aqueous work-up with a MeCN-water mixture (4:1) that precipitates the product and collapses the emulsion (as in entry 7415). 
- Add a brine wash or a small amount of sodium chloride to increase ionic strength and break the emulsion. 
- Test alternative quench agents (NaOH instead of KOH) that give cleaner phase splits (entry 21194). 
- Verify recovery by measuring product concentration in both phases after separation.","The choice of quench (e.g., Na₂S₂O₃ for bromine) can also affect emulsion stability; a dilute quench at low temperature often minimizes emulsion formation. For large-scale reactors, a continuous centrifuge can be employed if emulsions persist.","15456, 20285, 20284, 20283",scaleup_generalized_workflow_reaction_class_Bromination_runreaction_class_r16.json,156
Bromo Buchwald-Hartwig amination,reaction_class,3,1,Heterogeneous slurry / viscous mixture,Reaction mixture becomes a thick slurry or highly viscous suspension (often after addition of solid base or formation of inorganic salts).,"solvent_change_for_solubility, solvent_system_optimization_or_cosolvent_addition, improved_mixing_or_impeller_design, change_of_base - switching to a liquid, soluble base (e.g., DBU) or adding a co-solvent reduces slurry formation; redesigning agitation or increasing solvent volume restores homogeneous mixing.","A DoE was run varying (i) base (NaOtBu -> DBU), (ii) solvent composition (toluene -> toluene/MeCN 1:1), and (iii) impeller speed (400 -> 800 rpm). Conversions were measured at 1 kg scale; the optimal combination (DBU, 1:1 MeCN/toluene, 800 rpm) gave >95 % conversion with a clear solution.","Viscosity problems are especially acute in flow (tubular reactors) where solid precipitation can cause clogging. Even in batch, high-loading solid bases can generate ""slurry"" that settles, leading to hot spots. Choice of base and solvent must also respect substrate stability.","5886, 431, 10446, 10459, 5885, 5888, 6590, 6591, 6592, 6593",scaleup_generalized_workflow_reaction_class_Bromo_Buchwald-Hartwig_amination_runreaction_class_r14.json,186
Bromo Buchwald-Hartwig amination,reaction_class,3,2,Pressure spikes / clogging in continuous flow,"Sudden pressure excursions, back-pressure regulator trips, or tube blockage when the reaction is run in flow.","pressure_or_gas_headspace_optimization, clogging_or_fouling_mitigation, phase_behavior_or_biphasic_system_optimization, improved_mixing_or_impeller_design - enlarge tubing or add a vented back-pressure regulator, use ultrasonic agitation, or switch to a biphasic solvent system that keeps salts dissolved in the aqueous phase.","A pilot-scale flow of the Cu-catalysed amination (aryl bromide + amine) was run in 3 mm ID tubing with a vented BPR (1 bar). Parallel runs compared (a) original 10 mm ID tubing, (b) 7.94 mm ID tubing, and (c) 7.94 mm ID plus an inline ultrasonic bath. Only the ultrasonic-assisted run avoided blockage; pressure remained <=0.8 bar throughout 10 h operation.",Clogging is often aggravated by temperature ramps that precipitate salts; maintaining a constant temperature and using a solvent/antisolvent pair that solubilises inorganic by-products is a robust mitigation.,"19855, 9097, 6592, 9098, 13668, 13671, 13672",scaleup_generalized_workflow_reaction_class_Bromo_Buchwald-Hartwig_amination_runreaction_class_r14.json,186
Bromo Buchwald-Hartwig amination,reaction_class,3,3,Temperature runaway / hot-spot formation,"Rapid temperature rise (ΔT > 30 °C) or hot spots observed during exothermic coupling, sometimes leading to uncontrolled reaction or decomposition.","temperature_setpoint_or_temperature_ramp_optimization, thermal_runaway_mitigation_or_quench_safety_modification, improved_heat_transfer_or_temperature_control_hardware - implement controlled temperature ramps, external cooling jackets, or staged addition of reagents to spread the heat release.","A calorimetric study quantified the heat of reaction (-135 kJ mol⁻¹). The batch reactor was equipped with a jacket capable of 5 kW cooling. A ramp from 0 °C to 25 °C over 2 h was programmed before holding at 50 °C. Temperature spikes were eliminated, and product purity improved from 92 % to >98 % with no Pd black formation.","In flow, the same principle is achieved by reducing residence time or increasing the reactor surface-to-volume ratio (larger diameter tubing). Monitoring with inline IR thermography helps detect early hot spots.","432, 131",scaleup_generalized_workflow_reaction_class_Bromo_Buchwald-Hartwig_amination_runreaction_class_r14.json,186
Bromo Buchwald-Hartwig amination,reaction_class,3,4,Oxygen-sensitivity leading to variable conversion,"Small changes in dissolved oxygen cause inconsistent conversion or longer reaction times; batches show ""low conversion"" when oxygen is not rigorously excluded.","optimization_of_oxygen_or_gas_enriched_environment, improved_in_process_control_or_analytical_method, change_of_additive - purge reactors with inert gas, use sealed vessels, and monitor O₂ with inline sensors; optionally add oxygen-scavenging additives (e.g., phosphine-oxide scavengers).","A scale-up (200 kg) was performed in a 500 L stainless reactor. Prior to charge, the vessel was sparged three times with nitrogen and then sealed. An inline dissolved-oxygen probe was installed; O₂ was kept <5 ppm. Conversion improved from 70 % (no purge) to >95 % with the purge protocol.",Even trace water can exacerbate oxygen effects; drying solvents and reagents together with O₂ control gives the most robust outcome.,"15963, 10897, 10898, 10899, 10900",scaleup_generalized_workflow_reaction_class_Bromo_Buchwald-Hartwig_amination_runreaction_class_r14.json,186
Bromo Buchwald-Hartwig amination,reaction_class,3,5,Long residence / sluggish conversion,"Reactions require >= 24 h (batch) or > 30 min residence (flow) to reach acceptable conversion, limiting throughput.","hold_time_or_residence_time_optimization, optimization_of_catalyst_loading, change_of_catalyst_or_ligand_identity, optimization_of_reagent_stoichiometry - increase catalyst/ligand loading, switch to a more active Pd-ligand system, raise temperature, or use a more reactive electrophile (e.g., bromide -> iodide) to accelerate the reaction.","A DoE varying catalyst loading (0.2 -> 0.8 mol %), temperature (80 -> 110 °C), and ligand (Xantphos -> tBuXPhos) was performed on the copper-catalysed amination of 6-bromoquinoline. The optimal condition (0.5 mol % Cu, 110 °C, tBuXPhos) reduced reaction time from 48 h to 6 h while maintaining >92 % isolated yield.","When temperature is increased, side-product formation must be monitored; a balance between rate acceleration and impurity control is essential.","9548, 9549, 9545, 9546, 9547",scaleup_generalized_workflow_reaction_class_Bromo_Buchwald-Hartwig_amination_runreaction_class_r14.json,186
Bromo N-alkylation,reaction_class,3,1,Slurry formation,"A thick, heterogeneous slurry or solid precipitate appears during the
reaction (often at reflux or high temperature).","solvent_change_for_solubility, improved_mixing_or_impeller_design,
phase_behavior_or_biphasic_system_optimization,
slurry_handling_or_particle_size_optimization - switching to a
solvent or biphasic system that dissolves the base, or reducing particle
size, restores a single-phase mixture and improves mixing and heat
removal.","Screen a small DoE of solvents (e.g., THF/H₂O, toluene/water, MeCN/H₂O)
and base particle size (200 mesh vs. 325 mesh). Select the combination
that gives a clear homogeneous reaction at the target temperature, then
run a pilot-scale batch with a high-speed impeller (>=300 rpm) and monitor
temperature uniformity and conversion.","Viscosity spikes are especially problematic in refluxing isopropyl-acetate
or high-boiling solvents; a biphasic system also enables easy phase-transfer
catalysis. If slurry persists, consider a pre-dissolved aqueous base
(phase-behavior optimization) before scaling further.","3901, 3900, 4557, 4559, 3546, 183, 184, 185, 12201, 12202",scaleup_generalized_workflow_reaction_class_Bromo_N-alkylation_runreaction_class_r19.json,132
Bromo N-alkylation,reaction_class,3,2,Low conversion / incomplete reaction,"Final assay shows < 90 % conversion or significant residual starting
material after the prescribed reaction time.","optimization_of_reagent_stoichiometry, solvent_change_for_solubility,
change_of_base, optimization_of_acid_or_base_stoichiometry - adjusting
equivalents, selecting a solvent that fully dissolves all components, or
switching to a more soluble inorganic base (e.g., Na₂CO₃, K₃PO₄) restores
complete conversion.","Perform a factorial DoE varying (i) base identity (K₂CO₃, Na₂CO₃, K₃PO₄),
(ii) solvent (acetone, MeCN, DMF, THF/H₂O), and (iii) electrophile
equivalents (1.0-1.3 eq). Measure conversion at the target time; adopt the
optimal set for a kilogram-scale run and verify that residual starting
material falls below 2 %.","When the electrophile is a liquid bromide with limited solubility (e.g.,
t-butyl-2-bromoacetate), co-solvent addition (toluene/H₂O) can dramatically
improve dissolution. Beware of side-reactions introduced by stronger bases;
monitor impurity profiles concurrently.","5452, 5450, 5449, 5448, 5451, 185, 3901, 12204, 18881",scaleup_generalized_workflow_reaction_class_Bromo_N-alkylation_runreaction_class_r19.json,132
Bromo N-alkylation,reaction_class,3,3,Impurity surge at high temperature / concentration,"A specific impurity (e.g., enantiomer, allene, dimer) exceeds its specification
once temperature or reagent concentration is increased.","improved_impurity_purge_or_byproduct_control,
temperature_setpoint_or_temperature_ramp_optimization,
change_of_base, change_of_additive - lowering the temperature setpoint,
optimising the ramp, or switching to a base/additive that suppresses the
side pathway can keep impurity levels below limits.","Run a temperature-profile study (30 °C -> 70 °C) while holding reagent
equivalents constant. Identify the temperature where impurity formation
begins (e.g., > 0.25 % enantiomer). Implement a controlled ramp or
operate at the lower temperature with a slight excess of electrophile to
maintain conversion. Validate on a pilot-scale batch with in-process HPLC.","Impurities often arise from base-promoted elimination (allene) or
phase-transfer-catalyst-mediated over-alkylation. Adding a catalytic
acid (e.g., AcOH 0.25 eq) can suppress dimer formation (see entry 3215).
Monitoring temperature gradients in the reactor is critical to avoid local
hot spots.","11914, 18881, 11915, 11917, 11940",scaleup_generalized_workflow_reaction_class_Bromo_N-alkylation_runreaction_class_r19.json,132
Bromo N-alkylation,reaction_class,3,4,Excess reagent waste / high material cost,"Large excesses of expensive reagents (e.g., bromides, bases, solvents) are
used to achieve target conversion, leading to high raw-material cost and
large waste streams.","optimization_of_reagent_stoichiometry,
replacement_of_costly_or_low_purity_reagent,
replacement_of_unstable_or_impure_reagent - tightening equivalents,
substituting cheaper bromides or bases, or using in-situ generated reagents
reduces cost and waste without sacrificing yield.","Conduct a virtual DoE (or actual DoE) varying bromide equivalents from
1.0 to 1.5 eq and base equivalents from 1.0 to 2.0 eq. Track conversion,
impurity profile, and material cost. Select the minimal excess that still
delivers > 98 % conversion. Where possible, replace expensive bases (e.g.,
Cs₂CO₃) with K₂CO₃ or Na₂CO₃, and replace costly PTCs with catalytic
TBAB.","Cost optimisation must be balanced against impurity control; a slight
excess may be justified if it suppresses a problematic side-product.
Re-evaluate downstream work-up to ensure that reduced excess does not
increase isolation difficulty.","11306, 11913, 11914, 11940",scaleup_generalized_workflow_reaction_class_Bromo_N-alkylation_runreaction_class_r19.json,132
Bromo N-alkylation,reaction_class,3,5,Exotherm / hot-spot formation,"Rapid temperature rise (> 10 °C above setpoint) or uncontrolled exotherm
during reagent addition or reaction progress.","temperature_setpoint_or_temperature_ramp_optimization,
thermal_runaway_mitigation_or_quench_safety_modification,
improved_heat_transfer_or_temperature_control_hardware,
change_of_addition_order_or_feed_profile - controlling addition rate,
using jacketed reactors with efficient heat removal, and implementing
quench-safety steps mitigate the exotherm.","Design a semi-batch addition study: feed the bromide substrate over 30 min
while monitoring reactor temperature with an inline probe. Compare
continuous addition, split-charge, and slow-drip addition. Install a
jacketed reactor with a high-capacity coolant and validate that the
temperature never exceeds the safety limit (e.g., 45 °C). Scale the optimized
addition profile to kilogram scale and confirm reproducible temperature
control.","When CO is used (carbonylation) pressure-related exotherms may also arise;
venting or pressure-control loops are required (see entry 15639). Adding
an external quench (e.g., aqueous Na₂S₂O₃ for CNBr) can also neutralise
heat-generating species.","3549, 11670, 15639, 15640, 15638, 15641, 15642",scaleup_generalized_workflow_reaction_class_Bromo_N-alkylation_runreaction_class_r19.json,132
Bromo Suzuki-type coupling,reaction_class,3,1,Heterogeneous slurry,"A solid base or reagent (e.g., K₂CO₃, CuI, Bpin ester) forms a thick slurry or suspension that is difficult to stir uniformly in batch reactors.","improved_mixing_or_impeller_design, solvent_system_optimization_or_cosolvent_addition, batch_to_flow_or_flow_process_implementation - better agitation, a co-solvent to keep all components in solution, or a flow reactor with static mixers will eliminate the slurry, improve contact and give reproducible conversion.","A DoE screening of impeller type (Rushton vs. pitched-blade) and agitation speed was performed on a 10 L reactor; simultaneously, a 10 % v/v THF co-solvent was added to the DMA/K₂CO₃ system. Parallel runs in a continuous-flow tube with a static-mixing element were also evaluated. The optimal condition (high-speed pitched-blade + 10 % THF) gave quantitative conversion and uniform temperature profiles.","The slurry issue is more pronounced with high-loading inorganic bases; milling the base (as in entry 3942) helps but does not fully solve mass-transfer limits. Switching to a homogeneous base (e.g., Cs₂CO₃) can also be considered if compatible with the substrate.","16564, 3942",scaleup_generalized_workflow_reaction_class_Bromo_Suzuki-type_coupling_runreaction_class_r25.json,88
Bromo Suzuki-type coupling,reaction_class,3,2,Phase-separation bottleneck,"The reaction mixture separates into two immiscible liquid layers (e.g., aqueous/organic) immediately after reagent addition, giving a limited interfacial area and sluggish conversion.","solvent_change_for_solubility, solvent_system_optimization_or_cosolvent_addition, phase_behavior_or_biphasic_system_optimization - selecting a single-phase solvent system or adding a miscible co-solvent (e.g., DMA, MeCN) will keep all reagents in one phase and restore mass-transfer efficiency.","A solvent-screening matrix (DMA, MeCN, DMSO, 1,4-dioxane) was performed at 0.5 M substrate concentration. The best performance was achieved with DMA/MeCN (7:3 v/v), which dissolved both the aryl bromide and the aqueous base, eliminating the biphasic barrier and raising isolated yield from 45 % to 82 % on a 20 g scale.","When the reaction must remain biphasic (e.g., for downstream work-up), vigorous stirring and the use of phase-transfer catalysts (e.g., tetrabutylammonium bromide) can mitigate the issue, but a single-phase system is preferred for robustness.","12112, 10525",scaleup_generalized_workflow_reaction_class_Bromo_Suzuki-type_coupling_runreaction_class_r25.json,88
Bromo Suzuki-type coupling,reaction_class,3,3,Temperature spike (exotherm),"During the addition of a reagent (hydrazone, CsOH, or a solid base) the reactor temperature rises abruptly (often > 30 °C above setpoint) and can exceed the catalyst's stability window.","temperature_setpoint_or_temperature_ramp_optimization, thermal_runaway_mitigation_or_quench_safety_modification, improved_heat_transfer_or_temperature_control_hardware, change_of_addition_order_or_feed_profile - controlling the addition rate (syringe pump), pre-cooling the feed, and using a jacketed reactor with efficient cooling will damp the exotherm.","A controlled-feed study was carried out: the hydrazone was delivered over 3 h via a syringe pump into a jacketed 25 L reactor held at 25 °C. An external cooling loop maintained the bulk temperature within ±2 °C. The temperature spike was eliminated, conversion rose to 94 % and no catalyst decomposition was observed.","Even with controlled addition, the presence of gas-evolving bases (Na₂CO₃) can cause pressure rise; coupling the temperature control with venting (pressure-or-gas-headspace optimization) is advisable for very large batches.","12110, 3936, 3943, 19286",scaleup_generalized_workflow_reaction_class_Bromo_Suzuki-type_coupling_runreaction_class_r25.json,88
Bromo Suzuki-type coupling,reaction_class,3,4,Conversion variability,"Identical reaction set-ups give widely different conversions (e.g., 50 %-90 %) when the scale is increased from milligram to gram levels.","optimization_of_catalyst_loading, change_of_catalyst_or_ligand_identity, change_of_primary_reagent, optimization_of_reagent_stoichiometry - fixing a robust catalyst/ligand pair (e.g., ethylene-Rh precursor, t-Bu₂MeP) and defining a narrow loading window removes the source of variability.","A catalyst-loading DoE (0.25 mol % -> 0.75 mol %) was performed on a 5 g scale using the Rh-Segphos system. The ethylene-Rh precursor gave consistent conversion (~80 %) across the loading range, whereas the original RhCl₂ dimer showed > 30 % spread. The optimized loading (0.5 mol %) was adopted for all subsequent scales.","Supplier-to-supplier variability of the aryl bromide (impurities, moisture) can also cause conversion spread; implementing a feedstock variability management protocol (entry 31) further stabilizes the process.","12110, 12113",scaleup_generalized_workflow_reaction_class_Bromo_Suzuki-type_coupling_runreaction_class_r25.json,88
Bromo Suzuki-type coupling,reaction_class,3,5,By-product buildup (impurity surge),"Significant amounts of side-products (e.g., protodesilylation products, dimeric hydrazone adducts, biaryl dimers) appear, lowering isolated yield and complicating purification.","change_of_base, change_of_additive, improved_impurity_purge_or_byproduct_control, solvent_change_to_reduce_side_products - milder bases (NaOt-Bu vs. LiO-t-Bu), additives that suppress side pathways (CuI, water-containing Cs₂CO₃), or solvents that improve substrate stability (MeOH cosolvent) will curb impurity formation.","A systematic base-screen (LiO-t-Bu, NaOt-Bu, Cs₂CO₃.2 H₂O) was conducted for the silanol coupling (entry 10876). NaOt-Bu reduced protodesilylation from 35 % to < 5 % and increased product yield from 42 % to 78 %. Parallel addition of 0.05 equiv CuI further suppressed dimer formation in the Barluenga reaction (entry 3933).","Impurity-control strategies often need to be paired with downstream purification tweaks (e.g., aqueous work-up, crystallization solvent optimization) to achieve the required purity for API intermediates.","3933, 10876, 14366, 3938",scaleup_generalized_workflow_reaction_class_Bromo_Suzuki-type_coupling_runreaction_class_r25.json,88
Bromo Suzuki coupling,reaction_class,3,1,Emulsion / phase-separation failure,"Stable oil-in-water emulsion that does not break on cooling; phase-boundary is fuzzy or ""slurry-to-slurry"" persists.","solvent_change_for_solubility, solvent_system_optimization_or_cosolvent_addition, phase_behavior_or_biphasic_system_optimization, improved_mixing_or_impeller_design, change_of_additive","Screen alternative aqueous/organic solvent systems (e.g., TPGS-750-M + acetone, TL-82 surfactant blend, THF -> toluene) and/or add a low-viscosity cosolvent; evaluate mixing hardware (high-shear homogenizer, overhead stirrer) and quantify phase-clearance time.","The symptom often appears only after scale-up (different vessel geometry, larger volume) even when small-scale screens look clean. Early visual check of the reaction bulk after reagent addition is a cheap diagnostic.","21536, 4456, 17339, 3718, 15619, 4457, 18309",scaleup_generalized_workflow_reaction_class_Bromo_Suzuki_coupling_runreaction_class_r5.json,250
Bromo Suzuki coupling,reaction_class,3,2,Rapid temperature spike / runaway,Temperature jumps > 30 °C within 1-2 min after addition of catalyst or aqueous base; ΔT exceeds solvent boiling point in pilot runs.,"temperature_setpoint_or_temperature_ramp_optimization, improved_heat_transfer_or_temperature_control_hardware, change_of_addition_order_or_feed_profile, pressure_or_gas_headspace_optimization, thermal_runaway_mitigation_or_quench_safety_modification","Perform calorimetry on a small scale to obtain ΔH and adiabatic temperature rise; then implement a staged addition (pre-cool reagents, semi-batch feed) and/or upgrade jacket/heat-exchanger capacity; monitor temperature with fast-response probes.","A modest temperature rise is acceptable; the key is to keep the bulk temperature below the solvent's safe limit and below the decomposition onset of reagents (e.g., DMSO, THF).","4457, 4450, 4457, 4450, 4457, 4450, 4457",scaleup_generalized_workflow_reaction_class_Bromo_Suzuki_coupling_runreaction_class_r5.json,250
Bromo Suzuki coupling,reaction_class,3,3,Precipitation / clogging of reactor,"Formation of solid particles (e.g., black Pd-black, polymeric BBA, inorganic salts) that deposit on walls or block flow channels; visible slurry becomes gritty.","clogging_or_fouling_mitigation, solvent_change_for_solubility, solvent_change_for_safety_or_green_chemistry, phase_behavior_or_biphasic_system_optimization, improved_mixing_or_impeller_design","Test alternative solvents/co-solvents that keep all reagents in solution (e.g., replace 1,4-dioxane with 2-MeTHF, add ethylene glycol to BBA, switch THF -> toluene for aryl chlorides); evaluate filtration or inline solids-removal devices.",Early visual inspection after the first 5 min can reveal precipitation; a quick solubility check of each component at reaction temperature is a preventive step.,"236, 4450, 4450, 4450, 4450, 4450, 4450",scaleup_generalized_workflow_reaction_class_Bromo_Suzuki_coupling_runreaction_class_r5.json,250
Bromo Suzuki coupling,reaction_class,3,4,High residual palladium / metal impurity,Pd measured > 50 ppm (or > 10 ppm for API) after standard work-up; metal-scavenger cartridges give < 70 % removal; chromatography required.,"improved_impurity_purge_or_byproduct_control, change_of_additive, drying_or_isolation_process_optimization, crystallization_solvent_or_antisolvent_optimization, step_reordering_or_telescope_strategy","Introduce a dedicated Pd-scavenging step (e.g., N-acetyl-cysteine aqueous wash, polymer-bound scavenger, metal-chelating resin) and verify removal by ICP-OES; alternatively redesign the sequence to avoid Pd-containing intermediates (telescoping, in-line quench).",The symptom is often discovered only after analytical testing; a quick test strip for Pd can be used on-line to trigger the scavenger step before scale-up.,"4456, 4457, 4450, 4450, 4450, 4450, 4450",scaleup_generalized_workflow_reaction_class_Bromo_Suzuki_coupling_runreaction_class_r5.json,250
Bromo Suzuki coupling,reaction_class,3,5,Variable conversion / catalyst poisoning,"Same recipe gives 40 % conversion on one batch, > 90 % on another; often linked to impurity (sulfur, oxygen) in starting material or to batch-to-batch Pd loading.","change_of_additive, change_of_base, change_of_primary_reagent, optimization_of_catalyst_loading, feedstock_or_supplier_variability_management, tolerance_of_reagent_or_feed_impurities","Perform impurity profiling of raw materials (e.g., sulfur content by elemental analysis); if impurity present, add a scavenger (N-acetyl-cysteine) or switch to a cleaner reagent (e.g., use aryl chloride instead of bromide that carries less sulfur); adjust Pd loading based on impurity level.","Early QC of each lot of electrophile (e.g., check for elemental sulfur) can prevent downstream poisoning; a small ""spike"" test with extra Pd can be used as a diagnostic.","4456, 4457, 4450, 4450, 4450, 4450, 4450",scaleup_generalized_workflow_reaction_class_Bromo_Suzuki_coupling_runreaction_class_r5.json,250
Carbamate Schotten-Baumann,reaction_class,3,1,Salt-laden interphase,"A solid layer of inorganic carbonate/bicarbonate salts accumulates at the organic/aqueous boundary, making phase separation difficult and causing material loss.","solvent_change_for_solubility, optimization_of_acid_or_base_stoichiometry - switching to a solvent that reduces the inorganic salt load (e.g., 2-MeTHF) and lowering the base equivalents (NaHCO₃ 2.5 eq) will keep salts dissolved or in a fine slurry that can be removed cleanly.","A solvent-screen DoE (TBME, 2-MeTHF, MTBE) combined with base-equivalence screening (Na₂CO₃ 1 eq, NaHCO₃ 2.5 eq, no base) was run on a 30 L pilot. The optimal condition (2-MeTHF + NaHCO₃ 2.5 eq) gave a clear phase split and restored the 85 % isolated yield.",The symptom becomes more pronounced when the aqueous phase is highly concentrated (>0.5 M carbonate). Maintaining the aqueous pH near neutral (~8.5) also helps keep salts soluble.,"13564, 1412, 1411, 1413, 1414, 1415",scaleup_generalized_workflow_reaction_class_Carbamate_Schotten-Baumann_runreaction_class_r21.json,121
Carbamate Schotten-Baumann,reaction_class,3,2,Temperature spike (exotherm),"Rapid temperature rise (often >30 °C within minutes) upon addition of a reagent (e.g., isocyanate, chlorosulfonyl isocyanate, BocX) - sometimes exceeding the set-point and causing overheating.","temperature_setpoint_or_temperature_ramp_optimization, batch_to_flow_or_flow_process_implementation, improved_heat_transfer_or_temperature_control_hardware - controlling addition rate, using low-temperature feeds, or moving to a plug-flow reactor with high surface-to-volume ratio mitigates the exotherm.",A semi-batch addition profile was programmed: the exothermic reagent was fed over 2 h while the reactor temperature was held at 5 °C (jacket). Parallel flow experiments used a 0.5 L PFR with a 30 s residence time and a 0 °C jacket. Both approaches kept the bulk temperature <=10 °C and eliminated product degradation.,"The severity scales with reagent concentration; dilute feeds (<=0.5 M) are preferred. For very fast exotherms (CSI, BocX) a micro-reactor is often the only safe option.","1412, 4544, 20927, 13098, 13323, 4545, 4547, 4546",scaleup_generalized_workflow_reaction_class_Carbamate_Schotten-Baumann_runreaction_class_r21.json,121
Carbamate Schotten-Baumann,reaction_class,3,3,Mixing-limited slurry / hot-spot,"Formation of a thick, pasty slurry or solid deposits that cling to the reactor wall, accompanied by uneven stirring and localized ""hot-spots"".","change_of_additive, improved_mixing_or_impeller_design, phase_behavior_or_biphasic_system_optimization - adding a static mixer, using a peristaltic pump with a viscous-solvent kit, or pre-heating the viscous feed to lower viscosity resolves the mixing limitation.","A Kenics static mixer was installed in the feed line of the HDIT/MEKO reaction; the HDIT feed was pre-heated to 75 °C to drop viscosity below 500 mPa.s. The slurry remained fluid, temperature remained uniform, and conversion reached >95 % with no pressure drop.",The symptom is aggravated when the product viscosity exceeds 10 000 mPa.s. Short residence-time reactors (PFR) are preferred for such highly viscous streams.,"20927, 20928, 20929, 4544, 4545, 4546, 4547",scaleup_generalized_workflow_reaction_class_Carbamate_Schotten-Baumann_runreaction_class_r21.json,121
Carbamate Schotten-Baumann,reaction_class,3,4,Gas evolution (HCl/CO₂),"Visible gas evolution (bubbling, pressure increase) when a chloro-formate or isocyanate is added; occasional detection of HCl or CO₂ in the vent stream.","change_of_primary_reagent, condition_change_to_reduce_or_remove_process_hazard, improved_quench_or_neutralization - replacing the hazardous gas-generating reagent with a safer alternative (e.g., potassium cyanate instead of tert-butyl isocyanate) or adding an acid scavenger (pyridine, lutidine) and venting through a scrubber eliminates the hazard.","A comparative run substituted Cbz-Cl with Fmoc-Cl (lower HCl release) and introduced pyridine (2 eq) as an HCl scavenger. Gas-flow meters showed a >90 % reduction in HCl evolution, and the reaction proceeded with identical conversion.","When the gas is unavoidable (e.g., Boc-protection), the addition must be temperature-controlled (<=30 °C) and vent lines equipped with alkaline scrubbers.","19819, 13098, 14825, 14826",scaleup_generalized_workflow_reaction_class_Carbamate_Schotten-Baumann_runreaction_class_r21.json,121
Carbamate Schotten-Baumann,reaction_class,3,5,pH drift -> over-acylation,"When the aqueous pH is above the target (e.g., pH 11 instead of pH 9), a significant amount (~5-10 %) of a symmetrical over-acylated urea or bis-acyl impurity appears.","optimization_of_acid_or_base_stoichiometry, optimization_of_acid_or_base_stoichiometry - tightening the buffer system (phosphate buffer at pH 9) and limiting base equivalents (NaHCO₃ 2.5 eq) keeps the reaction in the optimal pH window, suppressing over-acylation.",A DoE varying K₂HPO₄ concentration and KOH addition was performed on a 20 L batch. The optimal condition (pH 9 ± 0.2) reduced impurity 34 from 9 % to <0.2 % while maintaining >99 % conversion.,The symptom is more acute for highly nucleophilic amines and when the electrophile is a highly reactive chloroformate. Real-time pH monitoring with an inline probe is recommended for large scale.,"1968, 1969, 1970",scaleup_generalized_workflow_reaction_class_Carbamate_Schotten-Baumann_runreaction_class_r21.json,121
Carboxylic acid + amine condensation,reaction_class,3,1,Viscous slurry,"The reaction mixture becomes a thick, highly viscous slurry that is difficult to stir or pump.","improved_mixing_or_impeller_design, solvent_change_for_solubility, solvent_system_optimization_or_cosolvent_addition - upgrading impeller speed or geometry and/or switching to a higher-solubility solvent/co-solvent reduces viscosity and restores homogeneous mixing.","Conduct a DoE varying impeller speed (100 -> 1200 rpm) and solvent composition (e.g., adding 10 % v/v DMSO or NMP to the original aqueous/organic system). Measure slurry viscosity, conversion, and filtration time at pilot scale. Select the combination that yields a low-viscosity, fully mixed slurry with >= 95 % conversion.","Viscosity often rises when the amine is present as a salt or when the reaction is run at high substrate concentration. Adding a small amount of a polar aprotic co-solvent (DMSO, NMP) or a low-boiling organic solvent (2-MeTHF) can dramatically lower the slurry's resistance to stirring without compromising downstream work-up.","12261, 718, 17242",scaleup_generalized_workflow_reaction_class_Carboxylic_acid_+_amine_condensation_runreaction_class_r3.json,250
Carboxylic acid + amine condensation,reaction_class,3,2,Temperature spike on reagent addition,"A rapid, uncontrolled rise in reaction temperature (10-20 °C) occurs when a base or nucleophile is added (e.g., during amine addition).","temperature_setpoint_or_temperature_ramp_optimization, improved_heat_transfer_or_temperature_control_hardware - applying a controlled, slower addition profile and/or upgrading the jacket/heat-exchange hardware keeps the temperature within the safe window.","Implement a semi-batch feed where the amine solution is added over 30 min while monitoring temperature with an inline probe. Compare a standard addition (instant) versus a ramped addition (0 -> 30 min) and evaluate conversion, impurity profile, and temperature excursions. If needed, install a higher-capacity heat-exchanger and repeat the test.","The magnitude of the spike correlates with the stoichiometric excess of the base and the heat capacity of the solvent. Using a lower-boiling, higher-heat-capacity solvent (e.g., MeCN) or diluting the base in a larger volume can also dampen the temperature rise.","4119, 10684",scaleup_generalized_workflow_reaction_class_Carboxylic_acid_+_amine_condensation_runreaction_class_r3.json,250
Carboxylic acid + amine condensation,reaction_class,3,3,"Sudden impurity surge (over-alkylation, dimer, N-acylurea)","A new impurity (e.g., over-alkylated amide, dimer, or N-acylurea) appears at >= 0.5 % and grows rapidly as the scale increases.","optimization_of_reagent_stoichiometry, change_of_additive, change_of_base - tightening the equivalents of amine/reagent, adjusting the addition sequence, or switching to a less nucleophilic base suppresses the competing pathway.","Run a series of small-scale trials varying (i) amine equivalents (0.9 -> 1.2 eq), (ii) base identity (triethylamine, DIPEA, potassium carbonate), and (iii) addition order (base -> acid -> amine vs. simultaneous). Analyze impurity levels by LC-MS. Scale the optimal condition to pilot batch and confirm impurity suppression.","Impurities often arise from carbodiimide activation (e.g., formation of N-acylurea) or from excess amine driving over-alkylation. Using a staged addition of the amine or employing a less nucleophilic inorganic base can dramatically reduce these by-products.","6039, 2039, 20314",scaleup_generalized_workflow_reaction_class_Carboxylic_acid_+_amine_condensation_runreaction_class_r3.json,250
Carboxylic acid + amine condensation,reaction_class,3,4,Clogging or flow instability in continuous reactors,"During continuous-flow operation the reactor experiences pressure spikes, pump trips, or solid bridging, leading to flow interruption.","clogging_or_fouling_mitigation, custom_or_novel_reactor_design, improved_mixing_or_impeller_design - redesigning the mixer (e.g., V-shaped micro-mixer), increasing tubing diameter, or adding inline filtration mitigates blockage.","Compare three reactor configurations: (i) standard PFA tubing (1 mm ID), (ii) larger-ID tubing (2 mm), and (iii) a custom V-shaped static mixer. Run the same reaction at identical residence time while monitoring pressure, flow rate, and product quality. Select the configuration that eliminates pressure excursions and maintains conversion.","Clogging is especially prevalent with reactions that generate insoluble salts (e.g., acid-base neutralizations) or when the product precipitates during the reaction. Adding a co-solvent to keep the product in solution or installing a periodic solvent-flush cycle can also prevent fouling.","15588, 14938, 14940",scaleup_generalized_workflow_reaction_class_Carboxylic_acid_+_amine_condensation_runreaction_class_r3.json,250
Carboxylic acid + amine condensation,reaction_class,3,5,Precipitation on cooling / filtration bottleneck,"After reaction completion the mixture forms a fine solid or slurry that is difficult to filter; filtration rates drop below 10 L min⁻¹, and wet cake weight is excessive.","improved_quench_or_neutralization, solvent_change_for_solubility, drying_or_isolation_process_optimization - adjusting the quench to keep the product in solution, switching to a solvent that gives a filter-friendly precipitate, or employing a controlled crystallisation/filtration protocol resolves the bottleneck.","Screen a set of antisolvents (e.g., IPA, EtOAc, MeCN) and temperatures (0 -> 25 °C) to identify conditions that produce a free-flowing crystalline solid. Perform a small-scale filtration test to measure cake permeability and moisture content. Implement the optimal quench/solvent system at pilot scale and compare filtration time and product recovery.",Often the issue stems from residual water after acidification (as in entry 4116) or from a product that is only sparingly soluble in the reaction solvent. Adding a co-solvent or performing a solvent swap before work-up can dramatically improve filterability.,"4116, 718, 4119",scaleup_generalized_workflow_reaction_class_Carboxylic_acid_+_amine_condensation_runreaction_class_r3.json,250
Chlorination,reaction_class,3,1,Temperature spikes,"Sudden, uncontrolled rise in reactor temperature (often >30 °C within minutes) during reagent addition or quench.","temperature_setpoint_or_temperature_ramp_optimization, improved_heat_transfer_or_temperature_control_hardware, custom_or_novel_reactor_design - lower the addition temperature, improve jacket/coil heat removal, or move to a flow reactor that dissipates heat continuously.","Performed a DoE on addition temperature, addition rate, and jacket coolant flow. Implemented a syringe-pump addition of POCl₃ (or SO₂Cl₂) over 15 min while maintaining the reactor at -20 °C (or <=40 °C for POCl₃). In parallel, installed a high-efficiency jacket with internal coils (for batch) and a 0.030 in. PFA coil with 75 psi back-pressure (for flow). Monitored adiabatic temperature rise with calorimetry; the maximum ΔT dropped from >100 °C to <5 °C.","The symptom is more pronounced when reagents are added in a single charge; staged or split-charge addition is often sufficient. For POCl₃-based reactions, a controlled quench with buffered aqueous solution (K₂HPO₄/K₂CO₃) further limits exotherm.","15575, 8335, 10504, 13708",scaleup_generalized_workflow_reaction_class_Chlorination_runreaction_class_r18.json,139
Chlorination,reaction_class,3,2,Gas-evolution / pressure spikes,"Rapid generation of gaseous HCl, SO₂, or Cl₂ leads to a rise in reactor head-space pressure; bubbling or venting is observed, sometimes causing vent-line over-pressure alarms.","pressure_or_gas_headspace_optimization, gas_evolution_or_mass_transfer_management - use back-pressure regulators, gas-scrubbing loops, or design reactors that keep the gas dissolved (e.g., high-pressure flow coils).","Installed a 8 bar back-pressure regulator on the EtOAc flow coil (α-thioamide/NCS cascade) and a sealed Hastelloy autoclave for POCl₃-mediated chlorinations. Added a drying/scrubbing bottle (conc. H₂SO₄) upstream of the reactor for Cl₂ feeds. Measured pressure profiles before and after; pressure excursions were eliminated and gas-liquid mass transfer improved, giving >85 % conversion.","When using solid chlorinating agents (NCS, DCDMH) the gas-evolution issue is mitigated; however, for gas-phase chlorinations (Cl₂) a dedicated surge-volume and check-valve are essential to avoid back-flow.","15575, 16180, 16181, 16182, 17659",scaleup_generalized_workflow_reaction_class_Chlorination_runreaction_class_r18.json,139
Chlorination,reaction_class,3,3,Poor solubility / slurry formation,"Formation of heterogeneous suspensions or viscous slurries that are difficult to stir, cause pump blockages, or lead to uneven temperature distribution.","solvent_change_for_solubility, solvent_system_optimization_or_cosolvent_addition, improved_mixing_or_impeller_design - switch to a higher-solubility solvent (e.g., sulfolane, MeCN, DMF) or add a co-solvent; redesign impeller or use high-shear mixing to keep solids in suspension.","Screened solvents for pyrimidinone 3 (entries 4964/4966/4967) and identified sulfolane as fully dissolving both substrate and product. Implemented a 2 : 1 (v/v) 2-MeTHF/DME co-solvent system for the TMSCl-mediated chlorination (entry 7633) to achieve a stable biphasic mixture with Dₘ ~ 260. In flow, added a high-shear impeller to a 5 L stirred tank; slurry clearance time dropped from >30 min to <5 min, and residence-time distribution became uniform.","When solubility cannot be fully achieved, limiting concentration (<=0.4 M) and using a downstream precipitation step can prevent solid buildup. For solid-forming intermediates, a rapid quench into water can lock the product out of solution.","21281, 21280, 21279, 4964, 4966",scaleup_generalized_workflow_reaction_class_Chlorination_runreaction_class_r18.json,139
Chlorination,reaction_class,3,4,Unstable intermediate decomposition,"Rapid loss of the desired chlorinated intermediate (e.g., benzylic chloride 2, chloro-oxime 7) back to the starting material or to degradation products when held at elevated temperature or exposed to moisture.","optimization_of_quench_or_neutralization, change_of_primary_reagent, optimization_of_reagent_stoichiometry - quench immediately at low temperature with buffered aqueous media; replace highly unstable reagents (e.g., SOCl₂) with milder alternatives (POCl₃); adjust stoichiometry to avoid excess that drives decomposition.","For the benzylic chloride 2 (entries 10504/10503) performed precipitation at 0 °C with water as antisolvent and reduced the reaction temperature to 0 °C during work-up, preventing hydrolysis. Replaced SOCl₂ with POCl₃ for the quinazoline chlorination (entries 21347/21350) and limited POCl₃ to 2 equiv, which eliminated the need for >20 equiv and reduced impurity formation. Conducted a time-course study showing >90 % stability of the chloro-oxime when kept at <=20 °C in DMF.","Immediate telescoping of the unstable intermediate into the next step (e.g., coupling) is often the most robust solution. Buffer pH control (4-5) during quench avoids acid-catalyzed degradation.","10504, 21347, 10503, 14292",scaleup_generalized_workflow_reaction_class_Chlorination_runreaction_class_r18.json,139
Chlorination,reaction_class,3,5,Variable conversion due to addition order / feed profile,"Irreproducible assay yields and induction periods when a solid chlorinating agent (e.g., NCS, DCDMH) is added in a single charge; conversion depends on temperature or mixing speed.","change_of_addition_order_or_feed_profile, optimization_of_reagent_stoichiometry - add the solid in multiple, temperature-controlled portions; use a fed-batch or continuous-flow feed to maintain a steady concentration; adjust stoichiometry to the minimum required for full conversion.","Implemented a split-charge addition for NCS in the α-thioamide flow cascade (entries 15573/15574/15575). Compared single-charge (<=30 % conversion) vs. three-portion addition (>=85 % conversion). For DCDMH chlorinations (entries 1374/1375) introduced a three-portion, -5 °C addition, which reduced the des-TMS impurity from 5 % to <=0.2 %. Conducted a DoE varying feed ratio and temperature, confirming optimal NCS equivalents of 2.05-2.1 equiv.",Temperature control during each addition is critical; a pre-heated substrate solution (55-60 °C) can eliminate induction periods for poorly soluble reagents like NCS in DMF.,"9692, 9695, 15573, 15574, 1374",scaleup_generalized_workflow_reaction_class_Chlorination_runreaction_class_r18.json,139
Ester hydrolysis,reaction_class,3,1,Exothermic neutralisation spikes,Sudden temperature rise (>= 5-10 °C) when the basic saponification mixture is quenched with aqueous acid.,"temperature_setpoint_or_temperature_ramp_optimization - slow acid addition, external cooling, and temperature-controlled quench mitigate the exotherm and keep the reaction within safe limits.","A design-of-experiments (DoE) study varied acid addition rate (dropwise vs. pump), jacket temperature, and quench temperature. The optimal condition was a controlled acid feed (<= 0.5 m L min⁻¹) into a jacket-cooled reactor (10 °C set-point), which limited the temperature spike to < 3 °C and eliminated product degradation.",The symptom is most acute when neutralising highly concentrated NaOH/KOH solutions (>= 30 % w/w). Monitoring the temperature rise in-line (RTD) is essential for early detection.,"444, 894, 1690",scaleup_generalized_workflow_reaction_class_Ester_hydrolysis_runreaction_class_r11.json,250
Ester hydrolysis,reaction_class,3,2,Poor mixability / mass-transfer limitation in biphasic systems,Incomplete conversion or dramatically prolonged reaction times when the reaction mixture is biphasic (organic / aqueous) and agitation appears insufficient.,"phase_behavior_or_biphasic_system_optimization, solvent_change_for_solubility, and improved_mixing_or_impeller_design - convert to a single-phase system, add a co-solvent, or redesign agitation to enhance mass transfer.","Screened co-solvents (MeTHF, MeOH, MeCN) to achieve a homogeneous phase; the best result was 10 % v/v MeOH in THF, giving a single-phase slurry and full conversion in 2 h. Parallelly, a high-shear impeller was installed in a 200 L reactor, reducing the required residence time from 24 h to 6 h.","The symptom often appears together with foaming (see Symptom 4) because vigorous mixing can entrain gas. Real-time phase-ratio monitoring (e.g., inline NIR) helps verify homogeneity.","9809, 442",scaleup_generalized_workflow_reaction_class_Ester_hydrolysis_runreaction_class_r11.json,250
Ester hydrolysis,reaction_class,3,3,"Slurry formation, high viscosity, or solid precipitation during/after hydrolysis","The reaction mixture becomes a thick, non-flowing slurry or a highly viscous suspension, leading to poor pumpability, high pressure drop, or difficulty in filtration.","solvent_change_for_solubility, improved_mixing_or_impeller_design, and crystallization_solvent_or_antisolvent_optimization - select solvents that keep the reacting species in solution, dilute with a low-viscosity co-solvent, or employ antisolvent precipitation to control solid formation.","Replaced IPA (~ 50 vol %) with isopropyl acetate (10 vol %) and added a small amount of isopropanol to lower viscosity (Symptom 2). A controlled cooling crystallisation (40 °C -> 15 °C) was introduced to precipitate the product as a filterable solid, reducing filtration pressure by 70 %.",Viscosity issues are amplified at higher substrate concentrations; a balance between concentration (throughput) and manageable slurry rheology must be struck.,"6801, 892, 4360, 21854, 896",scaleup_generalized_workflow_reaction_class_Ester_hydrolysis_runreaction_class_r11.json,250
Ester hydrolysis,reaction_class,3,4,"Formation of side-products or impurities (e.g., bis-acid, N-alkylated species, racemisation)","Detectable levels of undesired impurities (>= 0.5 % LC) such as bis-acid 6', N-alkylated by-products, or racemised chiral centres appear in the crude material.","improved_impurity_purge_or_byproduct_control, change_of_base, solvent_change_to_reduce_side_products, and optimization_of_reagent_stoichiometry - adjust base identity/strength, lower temperature, change solvent to drive equilibrium away from side reactions, and fine-tune equivalents.","A DoE varying base (LiOH vs. NaOH/KOH), temperature (0 °C -> 25 °C), and solvent (MeOH, EtOH, DMF) showed that LiOH in MeOH at 0 °C suppressed bis-acid formation to < 0.1 % and eliminated N-alkylation. The optimal stoichiometry (2 equiv LiOH) was then fixed for scale-up.",Impurity profiles should be monitored by in-process HPLC/LC-MS; early detection enables rapid adjustment of the above parameters before large batches are run.,"2302, 2608",scaleup_generalized_workflow_reaction_class_Ester_hydrolysis_runreaction_class_r11.json,250
Ester hydrolysis,reaction_class,3,5,Temperature-sensitive decomposition or racemisation of chiral esters,Loss of stereochemical integrity (ee drops from > 96 % to < 40 %) or degradation of labile functional groups when the hydrolysis is performed above a certain temperature (often >= 30-50 °C).,"temperature_setpoint_or_temperature_ramp_optimization and change_of_base - operate at lower temperatures (<= 30 °C) and/or switch to a milder base (e.g., KOH in MeOH, LiOH) to preserve chiral integrity.","A temperature-screen (10 °C -> 75 °C) with constant base loading identified 30 °C as the threshold below which racemisation of the α-chiral ester was < 1 % ee loss. The process was then transferred to a jacket-cooled flow reactor maintaining 28 °C, achieving > 99 % ee at production scale.","When low temperature is required, reaction time may increase; this can be compensated by modestly increasing base concentration or using a more reactive solvent (e.g., MeCN) to retain throughput.",14994,scaleup_generalized_workflow_reaction_class_Ester_hydrolysis_runreaction_class_r11.json,250
Esterification,reaction_class,3,1,Temperature spikes / exotherm runaway,"Sudden, uncontrolled rise in reactor temperature (ΔT > 30 °C) during reagent addition or when the reaction is heated.","temperature_setpoint_or_temperature_ramp_optimization, change_of_addition_order_or_feed_profile, improved_heat_transfer_or_temperature_control_hardware, change_of_catalyst_or_ligand_identity - controlling the addition rate, lowering the set-point, improving heat removal, or switching to a less-exothermic catalyst can keep the temperature within a safe window.","A Design-of-Experiments (DoE) study varying (i) addition rate of the most exothermic reagent (e.g., benzoyl chloride, thionyl chloride, dimethyl sulfate), (ii) reaction temperature set-point (0 °C -> 30 °C), and (iii) catalyst choice (Fe(OTf)₂ vs H₂SO₄). Each condition was run in a 5 L jacketed reactor equipped with a calibrated PID controller and external heat-exchange coils. Temperature profiles, conversion, and impurity levels were recorded.","* In cases where the exotherm is intrinsic (e.g., thionyl-chloride gas evolution), a semi-batch feed with a mass-flow controller was essential. 
* For highly exothermic polymer-forming polycondensations, the optimal temperature was lowered to 50 °C while raising catalyst loading to maintain rate.","632, 634, 645, 15161, 15162, 15163",scaleup_generalized_workflow_reaction_class_Esterification_runreaction_class_r7.json,250
Esterification,reaction_class,3,2,Viscous slurry / poor mixing,"The reaction mixture becomes a thick, non-Newtonian slurry that is difficult to stir; uneven colour or incomplete conversion is observed across the vessel.","improved_mixing_or_impeller_design, temperature_setpoint_or_temperature_ramp_optimization, solvent_change_for_solubility, solvent_system_optimization_or_cosolvent_addition - a higher-speed, high-shear impeller, modest temperature elevation to lower viscosity, or switching to a lower-viscosity solvent/cosolvent can restore homogeneous mixing.","A pilot-scale study comparing three impeller types (Rushton turbine, pitched-blade, and helical ribbon) at 300 rpm, 600 rpm, and 900 rpm. Parallel runs were performed at 25 °C and 50 °C (the latter to reduce viscosity of NBP or N-butyl-pyrrolidinone). Mixing homogeneity was quantified by tracer dye dispersion time and conversion after 2 h.","* For resin loadings, a brief pre-heat to 50 °C in NBP reduced water-induced hydrolysis while keeping the resin stable. 
* In polymerisations, a low-shear impeller combined with a recirculation loop prevented dead zones.","17164, 19465, 19200, 1766, 1768, 1769, 19201, 19202, 19809",scaleup_generalized_workflow_reaction_class_Esterification_runreaction_class_r7.json,250
Esterification,reaction_class,3,3,Solubility limits -> precipitation / clogging,"Solid precipitates appear during the reaction or feed, causing blockages in pumps, filters, or flow-reactor channels; the reaction mixture turns cloudy or forms a slurry that settles.","solvent_change_for_solubility, solvent_system_optimization_or_cosolvent_addition, clogging_or_fouling_mitigation, custom_or_novel_reactor_design - selecting a more polar aprotic solvent (DMAc, MeCN, 2-MeTHF), adding a co-solvent, or moving to a reactor that tolerates slurries (e.g., ICHeM bead-mechanochemistry) mitigates precipitation.","A solubility screening DoE was performed for the problematic substrate (e.g., azelaic acid, pinacol boronic ester) in binary solvent systems (MeOH/MeCN, MeOH/MTBE, MeOH/2-MeTHF) at 25 °C, 40 °C, and 60 °C. The highest single-phase concentration that remained clear for >=4 h was selected for scale-up. In flow, a 0.5 % w/w surfactant (Pluronic F-127) was added to the feed to keep particles suspended, and pressure-drop monitoring was used to verify clog-free operation.","* For polymerising glycerol-citrate, a 0.5 % water-in-oil emulsion was deliberately formed to keep the polymer dispersed. 
* In the azelaic-acid flow case, the reaction was transferred to a conventional batch reactor to avoid the clogging altogether.","640, 642, 643, 644, 645, 14925, 2466, 14946, 14947, 14948",scaleup_generalized_workflow_reaction_class_Esterification_runreaction_class_r7.json,250
Esterification,reaction_class,3,4,"Impurity / side-product formation (over-acylation, dibenzoylation)","Significant amounts (>=5 %) of an undesired by-product appear (e.g., dibenzoylated ester, diastereomeric side-product, alkyl sulfonate impurity) as detected by HPLC or NMR, reducing isolated purity and requiring extra chromatography.","change_of_additive, solvent_change_to_reduce_side_products, optimization_of_reagent_stoichiometry, change_of_acid, change_of_base - limiting the amount of acyl chloride, adding a phase-transfer catalyst, lowering temperature, or switching to a milder base can suppress the side-reaction pathway.","A step-wise addition study where the acyl chloride (or benzoyl chloride) was fed in three portions (0.8 eq -> 1.2 eq -> 0.4 eq) while monitoring impurity formation by in-line IR. Parallel runs compared DMF (high polarity) vs toluene (low polarity) as solvent, and evaluated the effect of adding a catalytic amount of tetrabutylammonium-hydrogensulfate. Impurity levels were quantified after work-up.","* For sulfonate-impurity concerns, the reaction pH was kept > 2 by using a buffered system, eliminating the driving force for alkyl-sulfonate formation. 
* In cases where the impurity is a diastereomer, a crystallisation-antisolvent optimisation (cold EtOAc/hexane) was introduced to selectively precipitate the desired isomer.","2932, 2934, 16547",scaleup_generalized_workflow_reaction_class_Esterification_runreaction_class_r7.json,250
Esterification,reaction_class,3,5,Gas evolution / pressure buildup,"Rapid pressure increase (ΔP > 0.5 bar within minutes) or venting of corrosive gases (SO₂, HCl, NOₓ) is observed during reagent addition or quench.","change_of_addition_order_or_feed_profile, pressure_or_gas_headspace_optimization, custom_or_novel_reactor_design, thermal_runaway_mitigation_or_quench_safety_modification - slowing the addition, using a vent-rated reactor with a gas-scrubber, or redesigning the reactor (e.g., sealed flow loop with back-pressure regulator) mitigates pressure spikes.","A scale-up trial in a 10 L stainless-steel reactor equipped with a calibrated pressure transducer. The thionyl-chloride feed was split into three equal portions over 30 min (vs a single charge). Gas-scrubbing with aqueous NaHCO₃ was installed on the vent line. Pressure profiles, gas composition (by FTIR), and conversion were recorded. A parallel run used a continuous-flow microreactor with a back-pressure regulator set to 1 bar.","* For nitrite formation, a static-mixing element was added to the flow loop to avoid bulk back-mixing and limit local NO release. 
* In polymerisation of glycerol-citrate, the reactor jacket was pre-cooled and a nitrogen blanket maintained to suppress vapor pressure of water.","15161, 15162, 15163",scaleup_generalized_workflow_reaction_class_Esterification_runreaction_class_r7.json,250
Hydroamination,reaction_class,3,1,Pressure-drop spikes,"Sudden, reproducible spikes or drops in pressure across the catalyst bed or reactor (e.g., during feed-stock changes).","temperature_setpoint_or_temperature_ramp_optimization, pressure_or_gas_headspace_optimization, custom_or_novel_reactor_design, improved_mixing_or_impeller_design - Controlling temperature reduces exotherm-driven pressure surges; optimizing headspace pressure and using reactors with inert-lined, well-packed beds eliminates mechanical bed-compression variability; improved mixing prevents channeling.","A DoE varying inlet temperature, feed-pump ramp-rate, and reactor headspace pressure was run on a pilot-scale packed-bed (Raney Ni 3111A). An external FLIR camera replaced the invasive temperature probe (see entry 20354) to avoid channeling. The optimal condition (inlet 36 °C, slow pump ramp, stainless-steel reactor with PTFE liner) eliminated pressure spikes in three consecutive 2-h runs.","The symptom is more pronounced when switching feed bottles or when catalyst particles are fine (Raney Ni, Pd/C). Monitoring pressure-drop in real time and correlating with feed events is a simple early-warning diagnostic.","20356, 20353, 20354, 20355",scaleup_generalized_workflow_reaction_class_Hydroamination_runreaction_class_r17.json,139
Hydroamination,reaction_class,3,2,Temperature spikes / hot spots,"Rapid, uncontrolled temperature rise (>=5-10 °C) during reagent addition, quench, or exothermic hydrogen uptake.","temperature_setpoint_or_temperature_ramp_optimization, improved_heat_transfer_or_temperature_control_hardware, thermal_runaway_mitigation_or_quench_safety_modification - Lowering addition temperature, using external cooling jackets, and implementing controlled addition rates prevent hot-spot formation.","A controlled-addition study using a syringe pump to deliver the amine over 45 min at 5 °C while the reactor was jacketed at 0 °C (entry 964). Temperature was logged with an external probe; the peak rise was limited to 2 °C versus >12 °C in the batch addition. Product impurity F fell below detection, and yield improved by 8 %.","Even modest temperature spikes (2 °C) can accelerate side-reactions in sensitive substrates (e.g., oxime reductions). Installing temperature interlocks and pressure relief valves (entries 5688, 13592) further mitigates risk.","964, 5688, 9049",scaleup_generalized_workflow_reaction_class_Hydroamination_runreaction_class_r17.json,139
Hydroamination,reaction_class,3,3,Catalyst attrition / fouling,"Generation of fine catalyst particles (fines) that increase pressure drop, cause clogging, or deposit on reactor hardware.","change_of_catalyst_or_ligand_identity, clogging_or_fouling_mitigation, improved_mixing_or_impeller_design, custom_or_novel_reactor_design - Switching to mechanically robust catalysts (e.g., Pd(OH)₂/Al₂O₃, 3111A Raney Ni) or using larger-particle supports reduces attrition; redesigning impellers or lowering oscillatory velocity prevents particle lift-off; employing wet-catalyst formulations (entry 9046) lowers dust hazards.",A side-by-side comparison of 10 % Pd/C (dry) vs. 10 % Pd(OH)₂/Al₂O₃ (500 µm) in a continuous-flow packed-bed. Pressure-drop monitoring showed a stable ΔP of 0.8 bar for the alumina-supported catalyst versus a rising ΔP up to 3.5 bar for dry Pd/C after 4 h. No fouling observed with the alumina catalyst.,"Catalyst choice should consider both activity and mechanical integrity. For reactions requiring high metal loadings, wet-catalyst handling (entry 9046) also improves safety.","20356, 966, 7096",scaleup_generalized_workflow_reaction_class_Hydroamination_runreaction_class_r17.json,139
Hydroamination,reaction_class,3,4,Poor solubility / slurry formation,"Heterogeneous slurries or precipitates appearing during reagent addition or reaction (e.g., catalyst or substrate precipitation).","solvent_change_for_solubility, solvent_system_optimization_or_cosolvent_addition, phase_behavior_or_biphasic_system_optimization, slurry_handling_or_particle_size_optimization - Switching to more polar/co-solvent systems (DMA, MeOH) or adding a small water fraction improves dissolution; redesigning the biphasic system avoids phase-separation; controlling particle size of solids (e.g., using fine powders) ensures stable suspensions.","A solvent-screening DoE for the calcium-amide hydroamination replaced THF with DMA/DMF (1:1) and added 5 % water. The catalyst remained fully dissolved, conversion rose from 45 % (THF) to >90 % at identical temperature, and no slurry was observed on a 10 L scale.","When a solid intermediate must be isolated (e.g., intermediate 3), a rapid, low-temperature quench with controlled water addition (entries 5688, 5687) prevents localized boiling and precipitation.","958, 966, 5373",scaleup_generalized_workflow_reaction_class_Hydroamination_runreaction_class_r17.json,139
Hydroamination,reaction_class,3,5,Gas-evolution / mass-transfer limitation,Low conversion or over-hydrogenation linked to insufficient gas-liquid mass transfer; pressure spikes during rapid H₂ uptake.,"pressure_or_gas_headspace_optimization, gas_evolution_or_mass_transfer_management, solvent_change_for_solubility, temperature_setpoint_or_temperature_ramp_optimization - Increasing system pressure raises H₂ solubility; using solvents with higher H₂ affinity (MeOH, MeTHF) or raising temperature modestly improves mass transfer; adding a gas-liquid mixing device (oscillatory baffled reactor) balances conversion and catalyst stability.","A pressure-screen (1-5 bar) in a continuous oscillatory baffled reactor showed conversion of 3-butyn-2-ol rising from 60 % at 2 bar to >95 % at 5 bar, with selectivity retained when residence time was held constant (entry 7096). The optimal pressure was adopted for scale-up, and a back-pressure regulator prevented pressure spikes during hydrogen feed surges.","For reactions where H₂ is generated in-situ (e.g., transfer-hydrogenation, entry 8450), vented reactors and controlled addition of the hydrogen donor avoid uncontrolled pressure build-up.","7096, 9049",scaleup_generalized_workflow_reaction_class_Hydroamination_runreaction_class_r17.json,139
Ketone to alcohol reduction,reaction_class,3,1,Viscous / heterogeneous slurry -> poor mixing,"The reaction mixture becomes thick, slurry-like, or forms a biphasic emulsion that is difficult to stir uniformly.","change_of_additive, improved_mixing_or_impeller_design, solvent_change_for_solubility - add a low-shear impeller or adjust cosolvent composition to lower viscosity; pre-mix enzyme in buffer before substrate addition; use a co-solvent that keeps the substrate in solution without excessive solids.","A Design-of-Experiments (DoE) study varying agitation speed (100 - 500 rpm), impeller type (turbine vs. pitched-blade), and cosolvent % (5 % v/v DMSO, 10 % v/v MTBE). Reaction conversion and temperature profiles were monitored at 10 g L⁻¹ and 80 g L⁻¹ substrate loadings. The optimal condition (350 rpm, pitched-blade, 5 % v/v DMSO) restored >95 % conversion and eliminated emulsion formation.",Viscosity spikes are more pronounced on >30 L scale; the chosen impeller also reduces foaming. Pre-dissolving the substrate in a minimal amount of organic cosolvent before addition to the aqueous phase helps keep the mixture homogeneous.,"16858, 6825, 17005, 17424",scaleup_generalized_workflow_reaction_class_Ketone_to_alcohol_reduction_runreaction_class_r12.json,239
Ketone to alcohol reduction,reaction_class,3,2,Exothermic addition -> temperature spikes,"Rapid temperature rise (10 - 30 °C) is observed when a solid hydride (NaBH₄, Na-selectride) or silane is added, sometimes accompanied by vigorous H₂ evolution.","temperature_setpoint_or_temperature_ramp_optimization, change_of_addition_order_or_feed_profile, gas_evolution_or_mass_transfer_management - slow, portion-wise addition under temperature control; use external cooling; switch to less exothermic reagents when possible.","A calorimetric study measured the adiabatic temperature rise for NaBH₄ addition to ketone 13. The addition was split into four equal portions over 30 min while the reactor jacket maintained 0 °C. Temperature was kept <=5 °C throughout, eliminating product degradation. Parallel runs with Na-selectride showed that switching to K-selectride (same stoichiometry) reduced the peak temperature by ~8 °C.","A nitrogen sweep over the addition zone safely vents H₂. For silane reductions, the silane was added dropwise with an ice-bath jacket. Maintaining the temperature below the identified safety threshold (e.g., <=10 °C) is critical for scale-up.","17896, 14330, 16861, 14333, 16862",scaleup_generalized_workflow_reaction_class_Ketone_to_alcohol_reduction_runreaction_class_r12.json,239
Ketone to alcohol reduction,reaction_class,3,3,Substrate / product solubility limits conversion,"At the target substrate concentration the reaction stalls (<=70 % conversion) or the product remains dissolved in the reaction medium, leading to material loss during work-up.","solvent_change_for_solubility, solvent_system_optimization_or_cosolvent_addition, phase_behavior_or_biphasic_system_optimization - introduce a water-miscible cosolvent (e.g., IPA, MTBE, DMSO) at a level that improves substrate dissolution while preserving enzyme activity; or switch to a biphasic system with a suitable organic phase.","Screened cosolvents (IPA, MTBE, MeTHF, CPME) at 5 - 30 % v/v for the reduction of 2-chloro-1-(2,4-dichlorophenyl)-ethanone (entry 2398). 70 % v/v isopropanol gave >99 % conversion, whereas 10 % v/v gave only 68 %. For the fluoroketone DKR (entry 251), switching the work-up solvent from 2-MeTHF to EtOAc reduced product loss from 12 % to <3 %.","When using high cosolvent percentages, enzyme stability must be re-validated (e.g., KRED - KRED-X tolerates up to 15 % v/v MTBE). For highly soluble products, antisolvent precipitation (e.g., EtOAc/toluene) can be employed to recover product efficiently.","2398, 251",scaleup_generalized_workflow_reaction_class_Ketone_to_alcohol_reduction_runreaction_class_r12.json,239
Ketone to alcohol reduction,reaction_class,3,4,pH drift during biocatalysis,"The reaction pH gradually falls (or rises) by >0.5 units over the course of the run, often correlating with loss of conversion.","optimization_of_acid_or_base_stoichiometry, change_of_additive, automation_of_pH_control - implement automated base (e.g., 2 M Na₂CO₃) dosing to maintain target pH; reduce glucose loading; or replace glucose with a non-acid-generating sacrificial reductant.","A fed-batch experiment on the KRED-119 kinetic resolution (entry 17424) compared three strategies: (i) no pH control, (ii) manual addition of Na₂CO₃ every hour, (iii) automated pH-feedback loop dosing 2 M Na₂CO₃. Strategy iii kept pH 6.8 ± 0.1 unit and restored full conversion (>99 %) whereas the uncontrolled run stalled at 45 % conversion after 30 min.","The base addition rate must be low enough to avoid enzyme inhibition (<=0.5 % v/v Na₂CO₃ per hour). For glucose-based systems, a lower glucose equivalence (1.0 eq instead of 2.0 eq) reduces acid generation without compromising co-factor recycling.",17424,scaleup_generalized_workflow_reaction_class_Ketone_to_alcohol_reduction_runreaction_class_r12.json,239
Ketone to alcohol reduction,reaction_class,3,5,Enzyme activity loss / variability,"Repeated batches or prolonged reactions show a rapid decline in conversion (e.g., from >95 % to <50 %) or large batch-to-batch variability in product yield.","change_of_catalyst_or_ligand_identity, optimization_of_catalyst_loading, change_of_additive, improved_mixing_or_impeller_design - switch to a more robust enzyme variant or immobilisation support; increase catalyst loading to compensate for activity loss; add stabilising additives (e.g., glycerol, protective salts); improve reactor hardware to avoid pressure spikes.","A comparative study on Na-selectride reductions (entry 8375) screened three commercial batches of Na-selectride. Batch A gave dr = 20:1, batch B gave dr = 1:1. The low-dr batch was replaced with K-selectride (same stoichiometry) and the reaction was re-run, achieving dr = 5:1 and >90 % isolated yield. For the KRED-9 packed-bed (entry 14560), switching from CEP to LX1000HA beads eliminated back-pressure and maintained >99 % conversion over 64 h continuous operation.","Enzyme storage temperature and buffer composition (e.g., inclusion of 0.1 M phosphate, pH 7.0) are critical for long-term stability. When using whole-cell biocatalysts, keeping the cell density <=50 % wt / vol prevents mass-transfer limitations that accelerate deactivation.","14560, 14561, 14562, 14563",scaleup_generalized_workflow_reaction_class_Ketone_to_alcohol_reduction_runreaction_class_r12.json,239
N-Boc deprotection,reaction_class,3,1,Acid-strength loss,Conversion drops after the first few hours of reaction; the deprotection is incomplete unless extra HCl equivalents are added or the HCl solution is freshly titrated.,"change_of_primary_reagent, change_of_acid, optimization_of_acid_or_base_stoichiometry, replacement_of_costly_or_low_purity_reagent - replace the unstable methanolic HCl with a more robust acid source (e.g., ethanolic HCl, aqueous HCl, or a solid acid) and/or re-titrate the acid immediately before use to guarantee the required stoichiometry.","* Conduct a DoE screening of acid sources (4 M MeOH HCl, 5 M EtOH HCl, 4 N HCl in dioxane, aqueous 4 M HCl) at a fixed substrate loading. 
* For each source, measure the residual Boc-protected material after a fixed reaction time (2 h, 50 °C). 
* Include a ""fresh-titrate"" control where the HCl solution is titrated with a base just before dosing. 
* Select the acid that gives >= 98 % deprotection with the lowest excess.","The symptom is most common when the acid is generated in-situ (e.g., bubbling HCl into MeOH) or stored for > 24 h. Temperature control (0-5 °C storage) also mitigates decomposition.","13008, 13011, 13009, 13010",scaleup_generalized_workflow_reaction_class_N-Boc_deprotection_runreaction_class_r13.json,212
N-Boc deprotection,reaction_class,3,2,Viscous slurry / poor mixing,"During scale-up the reaction mixture becomes thick, forms a slurry or ""gel-like"" phase, and the agitator barely submerges; stirring power is insufficient and the reaction stalls.","solvent_change_for_solubility, improved_mixing_or_impeller_design, custom_or_novel_reactor_design, phase_behavior_or_biphasic_system_optimization - switch to a solvent/co-solvent that keeps the reaction homogeneous (e.g., add a small amount of THF or MeCN), redesign the agitator (high-speed pitched-blade impeller) or employ a modular flow train with short mixing zones to avoid dead volumes.","* Perform a solvent-screen (MeOH, EtOH, MeCN, THF, MeOH/THF 9:1) at constant acid loading, monitoring viscosity (rheometer) and conversion. 
* Parallelly test mixing hardware: standard Rushton turbine vs. high-speed pitched-blade impeller in a 100 L jacketed reactor. 
* In flow, compare a single-coil reactor vs. a modular train with inline static mixers. Choose the combination that yields < 10 % viscosity increase and >= 95 % conversion.","Viscosity issues are often observed with 4 M methanolic HCl (entry 13010) and with high substrate concentrations. Adding a co-solvent (THF, MeCN) at <= 10 % v/v is usually sufficient to restore fluidity without compromising acid strength.","13010, 13008, 1677, 1676, 1675, 1679, 1678",scaleup_generalized_workflow_reaction_class_N-Boc_deprotection_runreaction_class_r13.json,212
N-Boc deprotection,reaction_class,3,3,Gas-evolution pressure spikes,"Rapid evolution of CO₂ (or HCl) creates a sudden pressure rise in the reactor; venting or back-pressure regulators are overloaded, and temperature spikes are recorded.","gas_evolution_or_mass_transfer_management, pressure_or_gas_headspace_optimization, improved_heat_transfer_or_temperature_control_hardware, improved_mixing_or_impeller_design - install a controlled gas-venting system (e.g., back-pressure regulator set to appropriate pressure, gas-sparge line), use a reactor with sufficient headspace, and/or increase heat-transfer surface area to dissipate exotherms.","* Run the deprotection in a pilot-scale batch reactor equipped with a pressure-rated vent line and a back-pressure regulator set at 5 bar. 
* Measure pressure profiles with and without a gas-sparge (N₂) and with different residence times. 
* In flow, compare a stainless-steel coil (high surface-to-volume) vs. a PFA coil at identical temperature, monitoring pressure and temperature spikes. 
* Select the configuration that keeps pressure < 6 bar and temperature deviation < 2 °C.","The symptom is documented for MeOH-based flow deprotections at 150-230 °C (entries 1667, 1669, 1668) and for high-temperature batch runs (entries 1664, 1665). Proper venting also reduces the risk of over-pressurisation when using gaseous HCl.","1667, 1669, 1668, 1664, 1665, 1663, 1666",scaleup_generalized_workflow_reaction_class_N-Boc_deprotection_runreaction_class_r13.json,212
N-Boc deprotection,reaction_class,3,4,Impurity surge at high temperature,"When the reaction temperature exceeds a certain threshold (e.g., > 180 °C), new impurity peaks appear in HPLC/LC-MS (dark coloration, side-products such as hemiaminals, ureas, or cyclisation products), and isolated yield drops sharply.","temperature_setpoint_or_temperature_ramp_optimization, change_of_additive, optimization_of_reagent_stoichiometry, change_of_catalyst_or_ligand_identity - lower the deprotection temperature or implement a controlled ramp, add scavengers or weaker bases to suppress side reactions, and adjust reagent equivalents to minimise over-exposure.","* Conduct a temperature-ramp study (120 °C -> 200 °C, 10 °C increments) while keeping residence time constant. 
* Quantify impurity levels (e.g., impurity D, hemiaminal, urea) at each temperature. 
* Test the addition of a mild base (2,6-lutidine) or an additive (ascorbic acid) to suppress oxidation. 
* Choose the lowest temperature that still gives >= 95 % conversion with impurity < 0.1 %.","Entries 1664, 1665, 1666, 1668, 1670, 1678, 1679 illustrate that temperatures above 180 °C generate dark coloration and low yields. A modest temperature reduction (e.g., 180 °C -> 150 °C) combined with a longer residence often restores yield without impurity formation.","1664, 1665, 1666, 1668, 1670, 1678, 1679",scaleup_generalized_workflow_reaction_class_N-Boc_deprotection_runreaction_class_r13.json,212
N-Boc deprotection,reaction_class,3,5,Solubility-driven precipitation / filtration fouling,After deprotection the product precipitates as a fine solid or forms a slurry that clogs filters; filtration rates drop dramatically and the cake retains large amounts of mother liquor.,"solvent_change_for_solubility, crystallization_solvent_or_antisolvent_optimization, drying_or_isolation_process_optimization, solvent_system_optimization_or_cosolvent_addition - adjust the solvent or add an antisolvent to control nucleation, use a co-solvent to keep the product in solution until a controlled precipitation step, and optimise filtration/drying parameters.","* Perform a solvent-swap study: after deprotection, dilute the reaction mixture with EtOAc, MeCN, or isopropanol, then add a non-solvent (heptane, MTBE, isopropyl ether) in varying ratios. 
* Measure particle size distribution (laser diffraction) and filtration rate (pressure drop). 
* Identify the antisolvent volume that yields a filterable cake with >= 90 % recovery. 
* Validate the chosen crystallisation/filtration protocol on a pilot-scale batch.","Typical problematic cases are entries 1664 (poor solubility of alkyl N-Boc amines in THF/toluene), 1665 (viscous slurry in MeOH), 1666 (precipitation of product in ethanol), and 1667 (solid formation in THF/H₂O stream). Adding a small amount of a polar co-solvent (MeCN, MeOH) before antisolvent addition often prevents fouling.","1664, 1665, 1666, 1667, 1668, 1669, 1670",scaleup_generalized_workflow_reaction_class_N-Boc_deprotection_runreaction_class_r13.json,212
Nitro to amino,reaction_class,3,1,Gas-evolution / pressure spikes,"Sudden release of CO₂, H₂ or other gases (e.g., during sodium dithionite reductions) that causes a rapid rise in reactor pressure or formation of bubbles that block flow channels.","gas_evolution_or_mass_transfer_management, clogging_or_fouling_mitigation, temperature_setpoint_or_temperature_ramp_optimization - controlling the rate of gas formation, providing venting or gas-liquid separation, and limiting temperature spikes will suppress pressure spikes and prevent blockage.","* Conduct a small-scale kinetic study varying the addition rate of the dithionite (or other gas-forming reagent) while monitoring pressure in a sealed, instrumented reactor. 
* Install a vent line with a scrubber and test different vent-flow rates. 
* Compare batch vs. continuous-flow operation with a static-mixing segment that shortens residence time of the gas-rich zone.","* Gas-evolution is especially problematic in high-temperature transfer-hydrogenations (e.g., CuNPs/Celite, Cu-mediated reductions) and in electrochemical cells where H₂ evolution occurs at the cathode. 
* Adding a base (e.g., Na₂CO₃) or buffering the medium can dampen CO₂ release. 
* Selecting a reductant that does not generate gas (e.g., Na₂SO₃ instead of Na₂S₂O₄) is often the most robust solution.",8689,scaleup_generalized_workflow_reaction_class_Nitro_to_amino_runreaction_class_r9.json,250
Nitro to amino,reaction_class,3,2,High-viscosity / slurry formation,"The reaction mixture becomes a thick, non-Newtonian slurry (e.g., glycerol-based systems, solid-laden Zn reductions) that overloads pumps, causes motor stalls, or leads to uneven mixing.","solvent_change_for_solubility, improved_mixing_or_impeller_design, solvent_system_optimization_or_cosolvent_addition - switching to a lower-viscosity solvent or adding a co-solvent, and upgrading impeller geometry will restore Newtonian flow and homogeneous mixing.","* Perform a DoE screening of solvent/co-solvent ratios (e.g., EG : DMA, glycerol : EG) measuring torque on a pilot-scale agitator. 
* Test a high-speed pitched-blade impeller versus a standard Rushton turbine at identical rpm. 
* Evaluate residence-time distribution (RTD) in a flow loop with the new solvent system.","* Viscosity issues are often substrate-specific; for nitro-aryl substrates bearing bulky substituents, EG alone may be too viscous, whereas a 5 % DMA co-solvent dramatically reduces torque. 
* In some cases, replacing a solid reductant (Zn powder) with a soluble inorganic reductant (Na₂SO₃) eliminates the slurry altogether.",8689,scaleup_generalized_workflow_reaction_class_Nitro_to_amino_runreaction_class_r9.json,250
Nitro to amino,reaction_class,3,3,Exothermic temperature spikes / hot spots,"Rapid temperature rise (often > 30 °C within minutes) observed during addition of reagents (e.g., B₂(OH)₄, Zn powder) or during high-pressure hydrogenations, sometimes exceeding the set-point by > 10 °C.","temperature_setpoint_or_temperature_ramp_optimization, improved_heat_transfer_or_temperature_control_hardware - staged addition at low temperature, external heat exchangers, and precise temperature feedback will keep the reaction isothermal.","* Implement a split-addition protocol (three equal portions over 30 min) while measuring temperature with an inline thermocouple. 
* Install a jacketed reactor with a PID-controlled coolant loop; compare temperature profiles with and without the jacket. 
* Use calorimetric data to calculate the adiabatic temperature rise and size the cooling duty accordingly.","* For highly exothermic nitro reductions (ΔH ~ -560 kJ mol⁻¹), a 10 % catalyst loading reduction can also lower the heat-generation rate. 
* In flow, a micro-packed-bed reactor with high surface-to-volume ratio often mitigates hot spots, but only if the gas-liquid mass-transfer is sufficient.","60, 3860",scaleup_generalized_workflow_reaction_class_Nitro_to_amino_runreaction_class_r9.json,250
Nitro to amino,reaction_class,3,4,Catalyst deactivation / batch-to-batch variability,"Significant drift in conversion or impurity profile between nominally identical runs (e.g., 5 % Pd/C batches giving 92 % vs 99 % conversion; Ni/SiO₂ losing activity after 20 h).","optimization_of_catalyst_loading, change_of_catalyst_or_ligand_identity, improved_impurity_purge_or_byproduct_control - adjusting catalyst loading to the minimum effective level, switching to a more stable catalyst formulation, and implementing routine activity checks will stabilize performance.","* Run a systematic DoE varying catalyst loading (0.05 % -> 0.5 % wt) and measure conversion after a fixed residence time. 
* Perform ICP-MS on spent catalyst to quantify metal leaching; correlate with activity loss. 
* Introduce a short ""pre-conditioning"" run (e.g., 5 min at high temperature) before each production batch to regenerate the catalyst surface.","* For Ni/SiO₂, particle size >= 500 µm reduces pressure drop and improves longevity. 
* In heterogeneous metal-nanoparticle systems (Fe/ppm Pd), freshly prepared nanoparticles give reproducible activity, whereas aged batches show > 5 % variability.","4271, 5555",scaleup_generalized_workflow_reaction_class_Nitro_to_amino_runreaction_class_r9.json,250
Nitro to amino,reaction_class,3,5,Excessive pressure drop / flow restriction,"Unusually high pressure drop across the catalyst bed (e.g., > 5 bar in a 100 µm Pd/C packed column) leading to flow-rate throttling or reactor shutdown.","custom_or_novel_reactor_design, pressure_or_gas_headspace_optimization, change_of_catalyst_or_ligand_identity - moving to larger particle catalysts (200 µm), redesigning the reactor geometry (e.g., wider diameter, shorter bed), or operating at lower inlet pressure will alleviate the pressure drop.","* Compare pressure profiles for 100 µm vs 200 µm Pd/C in identical column dimensions. 
* Conduct CFD simulations of gas-liquid flow in a micropacked-bed to identify optimal particle-to-tube diameter ratios. 
* Test a staged-bed configuration (coarse upstream, fine downstream) to balance conversion and pressure drop.","* In continuous-flow hydrogenations of nitro-substituted aromatics, switching to 200 µm catalyst particles restored linear scalability up to 300 kg day⁻¹. 
* Adjusting the back-pressure regulator to a lower set-point (e.g., 20 psi) while increasing catalyst loading can keep the overall pressure within safe limits.",10889,scaleup_generalized_workflow_reaction_class_Nitro_to_amino_runreaction_class_r9.json,250
Other separation,reaction_class,3,1,Unexpected temperature spike / exotherm,Temperature rises above the set-point (often > 5 °C) during reagent addition or reaction progression.,"temperature_setpoint_or_temperature_ramp_optimization, improved_heat_transfer_or_temperature_control_hardware, change_of_primary_reagent - controlling addition rate, improving heat removal, or replacing the exothermic reagent can damp the heat release.","Perform a DoE on addition rate, cooling-jacket flow, and inlet temperature; monitor temperature profiles in a pilot-scale reactor. If the peak exceeds the safety limit, test a less-exothermic reagent (e.g., replace HBr with HCl, Et₂O with THF, or switch to a milder oxidant).",Exotherms are often hidden at lab scale because the reaction mass is small; on kilogram scale the same stoichiometry can generate 10-30 kJ . mol⁻¹ of heat. Early calorimetry and a controlled-addition protocol are essential.,"15895, 453, 14803, 1320, 14982",scaleup_generalized_workflow_reaction_class_Other_separation_runreaction_class_r2.json,250
Other separation,reaction_class,3,2,Highly viscous or gel-like slurry that resists stirring,"The reaction mixture becomes thick, non-flowing, or forms a gel; impeller torque spikes and filtration slows dramatically.","solvent_change_for_solubility, change_of_addition_order_or_feed_profile, improved_mixing_or_impeller_design - switching to a solvent that fully dissolves the problematic species, altering the addition sequence, or upgrading the agitator can restore fluidity.","Screen a small solvent panel (e.g., IPA -> 2-MeTHF, MeCN -> acetone) at 1 L scale while measuring viscosity. If a solvent gives a clear solution, repeat the reaction with that solvent and a standard impeller; compare torque and filtration time.","Viscosity issues often correlate with temperature; a modest temperature increase can improve solubility but may introduce safety concerns, so the solvent change is usually preferred.","8658, 480, 21332",scaleup_generalized_workflow_reaction_class_Other_separation_runreaction_class_r2.json,250
Other separation,reaction_class,3,3,Phase-breakup or emulsion formation during liquid-liquid extraction,"During biphasic work-up the two liquid phases intermix, forming a stable emulsion; product partitions into the undesired phase or is lost in the interphase.","phase_behavior_or_biphasic_system_optimization, solvent_change_for_solubility, solvent_system_optimization_or_cosolvent_addition - adjusting pH, adding a co-solvent or surfactant, or swapping to a less-miscible organic solvent can sharpen the phase boundary and improve partitioning.","Run a series of small-scale extractions varying pH (e.g., NaHCO₃ 0.1 M vs. 0.5 M) and organic solvent (EtOAc, MTBE, 1-octanol). Measure phase-breakup time and product distribution. Implement the optimal pH/solvent combo in a pilot-scale continuous extractor and monitor phase disengagement.",Emulsion stability often increases with temperature; maintaining the extraction temperature below the solvent's cloud point helps.,"9146, 14084, 14078",scaleup_generalized_workflow_reaction_class_Other_separation_runreaction_class_r2.json,250
Other separation,reaction_class,3,4,Clogging or fouling of reactors/flow channels,"Solid particles or precipitates accumulate in the reactor or tubing, causing pressure spikes, flow interruptions, or complete blockage.","clogging_or_fouling_mitigation, solvent_change_for_solubility, custom_or_novel_reactor_design - redesigning the reactor geometry, adding a solvent that keeps solids in suspension, or installing a back-pressure regulator with a filtration module can prevent blockage.","Introduce a small inline filter (e.g., 50 µm mesh) upstream of the reactor and compare pressure profiles with and without a co-solvent that solubilises the solid (e.g., adding MeOH to a THF-based slurry). Record the time to blockage at pilot scale.","Periodic ""scrape-off"" or pulse-flow cleaning cycles are effective for processes that inevitably generate solids.","3310, 11992",scaleup_generalized_workflow_reaction_class_Other_separation_runreaction_class_r2.json,250
Other separation,reaction_class,3,5,Inconsistent crystal size or seed performance leading to variable yields,"Batch-to-batch particle-size distribution (PSD) varies widely; seed loading gives unpredictable nucleation, causing yield drift or off-spec polymorphs.","crystallization_solvent_or_antisolvent_optimization, temperature_setpoint_or_temperature_ramp_optimization, optimization_of_reagent_stoichiometry - fine-tuning solvent/antisolvent ratios, cooling rates, and seed amount can lock the supersaturation profile and produce reproducible crystals.","Conduct a Design-of-Experiments varying cooling rate (0.1-1 °C min⁻¹), antisolvent addition rate (4-20 mL min⁻¹), and seed loading (0.5-5 wt %). Use in-line Raman or FBRM to monitor nucleation events and select the region that yields a narrow PSD and target polymorph.","Even with a fixed seed, the crystal habit can shift if the solvent composition drifts; maintaining tight control of solvent composition (e.g., water content) is critical.","16753, 17085, 2929",scaleup_generalized_workflow_reaction_class_Other_separation_runreaction_class_r2.json,250
Racemization,reaction_class,3,1,conversion variability,"Batch-to-batch conversion swings (e.g., 70 % -> 95 %) despite identical charge-up.","optimization_of_catalyst_loading, optimization_of_acid_or_base_stoichiometry, change_of_base - fixing the effective base/acid loading or swapping to a base with a more reliable pKₐ in the chosen solvent removes the source of variability.","* Conduct a small DoE varying base equivalents (0.95-1.10 eq) and temperature
ramp profiles (20 °C -> 50 °C vs. isothermal). 
* Measure conversion at 5 min, 15 min, 30 min on 100 g and 5 kg batches. 
* Select the combination that gives <2 % conversion spread; lock the base
loading in the kinetic model.","The issue is most acute for slurry-to-slurry free-basing (Et₃N/THF) and for
reactions where the pKₐ shift in organic media differs from aqueous values.
Even a 0.05 eq excess of base can over-compensate; undershooting leads to
incomplete de-protonation and downstream low yields.","13314, 479, 13315, 13313, 13312",scaleup_generalized_workflow_reaction_class_Racemization_runreaction_class_r22.json,114
Racemization,reaction_class,3,2,heterogeneous slurry / poor solubility,"Visible solid suspensions, ""slurry-to-slurry"" mixtures, or incomplete dissolution of one reactant.","solvent_change_for_solubility, solvent_system_optimization_or_cosolvent_addition,
slurry_handling_or_particle_size_optimization - switching to a solvent or
co-solvent that fully dissolves all solids, or adjusting slurry volume and
agitation, restores homogeneous reaction conditions.","* Screen a solvent matrix (THF, MeCN, i-PrOH, CH₂Cl₂, water/MeCN) on 10 mmol
scale, measuring solubility limits and conversion. 
* Scale the best solvent to 1 kg, increase agitation speed, and monitor
particle size distribution if a slurry remains. 
* Implement the chosen solvent/co-solvent blend for pilot runs.","Typical offenders are the amino-alcohol hydrochloride (2.HCl), dichloro-quinoline,
and diosgenin. Small changes (e.g., adding 1 vol % MeCN to THF) can turn a
heterogeneous slurry into a clear solution, dramatically improving kinetic
reproducibility.","13311, 9885, 11919, 11229, 9888",scaleup_generalized_workflow_reaction_class_Racemization_runreaction_class_r22.json,114
Racemization,reaction_class,3,3,temperature spikes / exotherm,"Sudden bulk temperature rise (>=10 °C) during reagent addition, often accompanied by pressure increase.","change_of_addition_order_or_feed_profile, temperature_setpoint_or_temperature_ramp_optimization,
improved_heat_transfer_or_temperature_control_hardware - slowing the feed,
pre-cooling reagents, and upgrading the jacket or adding internal coils spreads the heat release.","* Perform a calorimetric study of the exothermic addition on 100 g scale to
determine heat-of-reaction (kJ mol⁻¹). 
* Design a semi-batch feed (e.g., DPPA added over 2 h at 13-17 °C) and test
on 1 kg with a jacketed reactor equipped with a coil. 
* Record temperature profiles and compare conversion/ee to a fast-addition run.","Even when the reaction is nominally ""cold-addition"", scale-up can raise the
overall heat load (more mass, larger surface area). A controlled ramp (20 °C->50 °C) can also mitigate variability for base-mediated equilibria.","21659, 3105, 15875, 13315",scaleup_generalized_workflow_reaction_class_Racemization_runreaction_class_r22.json,114
Racemization,reaction_class,3,4,electrode fouling / voltage rise,"Gradual increase of cell voltage (e.g., from 5 V to >12 V) and drop in current efficiency during electro-chemical C-N coupling.","change_of_base, change_of_additive, clogging_or_fouling_mitigation - selecting a weaker, non-nucleophilic base (KOPiv) or adding a sacrificial additive reduces deposit formation; periodic acid washes or switching to dimensionally stable anodes mitigates fouling.","* Run a comparative batch electrolysis at 0.5 mmol scale using TMG, NaOMe, and KOPiv as bases; monitor voltage vs. time. 
* Implement a cleaning protocol (10 % aq. HCl rinse) after each 8 h run on a 5 kg loop. 
* Test alternative anode material (Ir/Ta-MOX) for durability over 100 h continuous operation.","Fouling is especially evident when the substrate or base decomposes under the applied current (e.g., TMG). Switching to KOPiv not only lowers fouling but also improves overall yield. Routine electrode regeneration is essential for long-run processes.","15864, 15868, 15872, 15866, 15871",scaleup_generalized_workflow_reaction_class_Racemization_runreaction_class_r22.json,114
Racemization,reaction_class,3,5,impurity buildup with long residence,"Increasing impurity peaks (decomposition products, side-products) as reaction time exceeds a critical threshold (e.g., >24 h).","hold_time_or_residence_time_optimization, improved_impurity_purge_or_byproduct_control,
temperature_setpoint_or_temperature_ramp_optimization - defining a precise stop-time,
lowering temperature, or adding a scavenger limits impurity formation while preserving conversion.","* Conduct time-course studies (6, 12, 18, 24 h) at 130 °C for the DCQ + HNDA SNAr, monitoring impurity profile by qNMR. 
* Identify the time where conversion plateaus (~99 %) and stop the reaction. 
* Validate on 5 kg batch with in-process sampling; compare impurity levels to a 48 h run.","Impurities often arise from catalyst decomposition (e.g., F-phenol >130 °C) or solvent degradation (DMSO at high temperature). Tight residence-time control is a low-cost lever to improve API-grade purity.","9888, 9894, 9891, 9883, 9895",scaleup_generalized_workflow_reaction_class_Racemization_runreaction_class_r22.json,114
Ring closing olefin metathesis,reaction_class,3,1,Temperature spike,Sudden rise in reactor temperature (>= 30 °C jump) when a reagent or catalyst is added rapidly.,"temperature_setpoint_or_temperature_ramp_optimization, change_of_addition_order_or_feed_profile, improved_heat_transfer_or_temperature_control_hardware - slowing the feed, pre-cooling the stream, or upgrading the jacket can damp the temperature surge and protect the catalyst.","Design a DoE varying (i) addition rate (slow vs fast), (ii) feed-line temperature (ambient vs -20 °C), and (iii) jacket set-point (± 5 °C). Monitor temperature profiles, conversion, and impurity formation. Select the combination that keeps the temperature rise < 5 °C and restores yield.",The effect magnifies with larger reactor volumes because the surface-to-volume heat-removal ratio drops. Early implementation of a temperature-controlled feed line is more robust than post-hoc cooling.,"14040, 15552",scaleup_generalized_workflow_reaction_class_Ring_closing_olefin_metathesis_runreaction_class_r8.json,250
Ring closing olefin metathesis,reaction_class,3,2,Slurry formation,"Viscous slurry or solid particles appear during the reaction, causing high torque on the agitator and occasional blockage of feed lines.","solvent_change_for_solubility, change_of_base, improved_mixing_or_impeller_design - switching to a fully soluble organic base (e.g., DBU), adding a co-solvent, or installing a high-shear impeller can maintain a single-phase system.","Screen a set of solvents (THF, MeCN, 2-MeTHF) and bases (K₂CO₃, DBU, t-BuTMG) in small-scale reactors; measure slurry formation (visual inspection, torque) and conversion. Implement the best-performing solvent/base pair and a high-shear impeller in a pilot-scale batch, confirming the absence of slurry and consistent conversion.",Temperature can shift solubility limits; a modest heating step (30 °C) often resolves borderline cases without compromising selectivity.,"7771, 7778, 7770",scaleup_generalized_workflow_reaction_class_Ring_closing_olefin_metathesis_runreaction_class_r8.json,250
Ring closing olefin metathesis,reaction_class,3,3,Gas-evolution pressure rise,"Rapid generation of gases (ethylene, NH₃, H₂) produces pressure spikes or venting difficulties; pressure alarms trigger during the reaction.","pressure_or_gas_headspace_optimization, gas_evolution_or_mass_transfer_management, change_of_additive - applying a slight vacuum or continuous inert-gas sweep, installing a vented reactor, and/or adding a gas-scrubbing additive mitigates pressure buildup and protects catalyst activity.","Run the reaction in three configurations: (i) sealed batch, (ii) batch with a 400 Torr vacuum, (iii) continuous N₂ sweep at 0.2 L min⁻¹. Record pressure profiles, ethylene concentration in the headspace, and product yield. Choose the configuration that maintains steady pressure and maximises conversion.",Gas-phase removal is especially critical for Ring-Closing Metathesis where ethylene is a by-product; venting must be compatible with downstream quench steps.,"10194, 10192, 10193, 10191, 10190",scaleup_generalized_workflow_reaction_class_Ring_closing_olefin_metathesis_runreaction_class_r8.json,250
Ring closing olefin metathesis,reaction_class,3,4,Catalyst deactivation signs,"Appearance of dimeric by-products, loss of catalyst colour, or a sharp drop in isolated yield despite unchanged reaction conditions.","change_of_catalyst_or_ligand_identity, optimization_of_catalyst_loading, improved_quench_or_neutralization - switching to a more robust catalyst (Stewart-Grubbs, Hoveyda-Grubbs II) or lowering the loading, and adding a Ru-scavenger/quench at the end, can preserve activity and simplify purification.","Compare three catalyst systems (G2, SG, Hoveyda-Grubbs II) at 1 mol % and 2.5 mol % loadings in parallel reactors; monitor dimer formation by LC-MS and residual Ru by ICP-MS. Introduce a post-reaction quench with ethyl-vinyl-ether or a silica-bound thiol scavenger in a subset to evaluate impurity suppression.","Early in-process analytical checks (e.g., UV-vis for Ru-carbene) enable rapid detection of deactivation before scale-up.","14040, 10586",scaleup_generalized_workflow_reaction_class_Ring_closing_olefin_metathesis_runreaction_class_r8.json,250
Ring closing olefin metathesis,reaction_class,3,5,Concentration-dependent yield drop,"Yield falls dramatically (e.g., from 80 % to 30 %) when substrate concentration is increased from 5 mM to 20 mM or when reactor volume is scaled up.","optimization_of_reagent_stoichiometry, solvent_change_for_solubility, temperature_setpoint_or_temperature_ramp_optimization - maintaining a dilute regime, switching to a solvent that improves substrate solubility, or modestly raising temperature can restore conversion.","Perform a concentration series (5, 10, 20 mM) in a fixed-volume reactor while varying solvent (toluene, 1,2-DCE, MeCN) and temperature (80 °C vs 100 °C). Plot yield vs concentration to locate the breakpoint; adopt the optimal dilution or solvent that keeps yield >= 70 % at the target production concentration.","If dilution is impractical, consider continuous-flow operation where high surface-to-volume ratios alleviate mass-transfer constraints.","10007, 10005",scaleup_generalized_workflow_reaction_class_Ring_closing_olefin_metathesis_runreaction_class_r8.json,250
SNAr ether synthesis,reaction_class,3,1,Heterogeneous slurry,"A solid-laden, non-uniform slurry or crust forms during the reaction (e.g., ""thick slurry"", ""crust"", ""poorly dispersed solid"").","solvent_change_for_solubility, solvent_system_optimization_or_cosolvent_addition, improved_mixing_or_impeller_design, change_of_addition_order_or_feed_profile, phase_behavior_or_biphasic_system_optimization - switching to a solvent that keeps all solids in solution, adding a co-solvent, improving agitation, or feeding solids more slowly can restore a homogeneous reaction mixture.","A DoE screening of solvent/co-solvent combinations (DMAc, MeCN, IPA, water) and particle-size grading of K₂CO₃ was performed; high-shear impellers and staged addition of the nucleophile were evaluated on a 50 L pilot reactor. The optimal condition used MeCN + 1 % water with finely milled K₂CO₃ and a 3 h controlled feed, giving a clear, single-phase slurry and consistent conversion.",Fine-particle bases reduce local hot spots; the chosen co-solvent must not interfere with the SNAr mechanism. Scale-up to >500 kg retained the same mixing power density (kW m⁻³) to avoid slurry re-formation.,"124, 1402, 20497, 21174, 21178",scaleup_generalized_workflow_reaction_class_SNAr_ether_synthesis_runreaction_class_r6.json,250
SNAr ether synthesis,reaction_class,3,2,Temperature spike,"Sudden temperature rise (ΔT > 5-10 °C) or exothermic ""runaway"" signal during heating or reagent addition.","thermal_runaway_mitigation_or_quench_safety_modification, temperature_setpoint_or_temperature_ramp_optimization, improved_heat_transfer_or_temperature_control_hardware - implement staged addition, lower set-points, and upgrade jacket/heat-exchange capacity to keep the reaction within a safe thermal envelope.","Calorimetric (ARC) profiling identified the adiabatic temperature rise. A staged, syringe-pump addition of the electrophile over 30 mL h⁻¹ was introduced, and the reactor jacket temperature was limited to 95 °C (vs. 120 °C in the original). A high-efficiency coil heat-exchanger was installed for rapid quench. The modified protocol eliminated temperature excursions (> 2 °C) on a 200 kg batch.","The safe operating window is defined by the solvent decomposition temperature (e.g., DMSO ~ 175 °C). Real-time temperature monitoring with a PID controller is essential for large-scale runs.","14105, 15088, 1401, 1403",scaleup_generalized_workflow_reaction_class_SNAr_ether_synthesis_runreaction_class_r6.json,250
SNAr ether synthesis,reaction_class,3,3,Impurity surge,"Rapid increase in a specific side-product (e.g., bis-alkylated impurity, MeSH-derived impurity) that exceeds specification limits.","improved_impurity_purge_or_byproduct_control, change_of_additive, change_of_base, optimization_of_reagent_stoichiometry - adding a scavenger or selective additive, switching to a milder base, or tightening reagent equivalents can suppress the undesired pathway.","A factorial DoE varied base (K₂CO₃ vs. DIPEA), additive (TBAC, Ca-propionate), and nucleophile excess (1.0-1.5 eq). The optimal condition used DIPEA (1.0 eq) with TBAC (0.5 eq) and 1.1 eq nucleophile, which reduced the bis-alkylated impurity from 12 % to <0.5 % on a 100 kg scale.",Impurity formation can be temperature-sensitive; the optimal condition also required a modest temperature reduction (90 °C) to further limit side-reaction kinetics.,"5354, 21579",scaleup_generalized_workflow_reaction_class_SNAr_ether_synthesis_runreaction_class_r6.json,250
SNAr ether synthesis,reaction_class,3,4,Low conversion,"Significant amount of starting material remains after the nominal reaction time (e.g., >0.5 % residual aryl chloride).","optimization_of_reagent_stoichiometry, change_of_base, solvent_change_for_reactivity, temperature_setpoint_or_temperature_ramp_optimization - increasing nucleophile equivalents, employing a stronger non-nucleophilic base, or raising the temperature can push the equilibrium to completion.","A series of 3 L runs compared K₂CO₃ (3 eq) vs. KOt-Bu (1.5 eq) and temperatures of 70 °C vs. 85 °C. The combination of KOt-Bu and 85 °C gave >99 % conversion within 4 h, whereas the original K₂CO₃/70 °C protocol stalled at ~85 % conversion even after 12 h.","When stronger bases are used, solvent compatibility must be reassessed (e.g., switching from DMSO to NMP to avoid precipitation). The stoichiometry should be kept as low as possible to limit waste while ensuring complete consumption.","1401, 1403",scaleup_generalized_workflow_reaction_class_SNAr_ether_synthesis_runreaction_class_r6.json,250
Unrecognized,reaction_class,3,1,Exotherm / temperature spike,Sudden rise of reactor temperature (>= 10 °C) during addition or after charge-up.,"temperature_setpoint_or_temperature_ramp_optimization, improved_heat_transfer_or_temperature_control_hardware","Implemented active cooling (jacket, ice-bath) and split the addition into multiple, temperature-controlled portions; in some cases a new reactor with high-efficiency heat-exchange channels was installed.","The corrective action caps the temperature rise, prevents runaway, and restores selectivity.","21269, 9866, 12843, 15182, 21269",scaleup_generalized_workflow_reaction_class_Unrecognized_runreaction_class_r1.json,250
Unrecognized,reaction_class,3,2,Slurry / precipitation (mixability),Formation of a solid or highly viscous slurry that settles or blocks stirrers/pumps.,"clogging_or_fouling_mitigation, solvent_change_for_solubility, improved_mixing_or_impeller_design",Switched to a solvent (or co-solvent) that keeps all components in solution; reduced solid loading; added a small amount of a polar co-solvent or surfactant; upgraded impeller to a high-shear design.,"The slurry disappears or becomes a stable suspension, allowing reliable agitation and flow.","1761, 13871, 19942, 19942, 19942",scaleup_generalized_workflow_reaction_class_Unrecognized_runreaction_class_r1.json,250
Unrecognized,reaction_class,3,3,Gas evolution / pressure build-up,"Rapid increase of reactor pressure or visible gas bubbles (e.g., H₂, O₂, CO₂) during the reaction.","pressure_or_gas_headspace_optimization, gas_evolution_or_mass_transfer_management, condition_change_to_reduce_or_remove_process_hazard",Added a vent or back-pressure regulator set to a safe limit; introduced inert gas sparging to dilute reactive gases; reduced the amount of gas-forming reagent or changed to a less gas-intensive oxidant/reductant.,Controlled pressure eliminates spikes and improves reproducibility.,"21269, 9866, 12843, 15182, 21269",scaleup_generalized_workflow_reaction_class_Unrecognized_runreaction_class_r1.json,250
Unrecognized,reaction_class,3,4,Variable conversion / batch-to-batch drift,"Same nominal recipe gives different conversion or impurity levels across runs (often linked to pH, concentration, or residence-time).","optimization_of_reagent_stoichiometry, temperature_setpoint_or_temperature_ramp_optimization, change_of_addition_order_or_feed_profile","Performed a Design-of-Experiments (DoE) to tighten stoichiometric windows; introduced a staged addition (e.g., add base after substrate is fully dissolved); installed real-time temperature/pH control loops.",Tight control restores consistent conversion and impurity profile.,"21269, 9866, 12843, 15182, 21269",scaleup_generalized_workflow_reaction_class_Unrecognized_runreaction_class_r1.json,250
Unrecognized,reaction_class,3,5,Long residence / slow reaction,"Reaction requires > 10 h (or many minutes of residence time) to reach completion, limiting throughput.","hold_time_or_residence_time_optimization, batch_to_flow_or_flow_process_implementation, temperature_setpoint_or_temperature_ramp_optimization",Moved the step to continuous flow with higher temperature or pressure to accelerate kinetics; increased temperature within safety limits; shortened residence time after kinetic modeling.,Throughput improves dramatically while maintaining selectivity.,"21269, 9866, 12843, 15182, 21269",scaleup_generalized_workflow_reaction_class_Unrecognized_runreaction_class_r1.json,250
